Employee_ID,Age,Gender,Department,Years_at_Company,Monthly_Salary,Education_Level,Num_Trainings,Work_Life_Balance,Job_Satisfaction,Attrition,Performance_Rating
1001,50,Male,HR,22,164921.03,1,10,4,3,No,4.16
1002,36,Female,Admin,29,44632.13,2,7,1,5,No,2.37
1003,29,Male,Admin,10,32549.5,2,8,4,3,No,2.91
1004,42,Female,IT,4,180812.85,1,3,3,2,No,1.38
1005,40,Male,R&D,21,89810.17,2,6,1,3,No,1.75
1006,44,Female,Finance,25,71818.34,4,10,2,3,No,2.73
1007,32,Female,R&D,3,150445.33,5,6,4,5,No,1.8
1008,32,Female,IT,28,170554.81,3,1,1,1,No,1.28
1009,45,Female,Admin,11,175248.13,2,6,1,4,No,1.08
1010,57,Female,R&D,1,76879.49,2,3,3,3,No,1.82
1011,45,Female,R&D,12,173398.23,3,3,3,4,No,2.56
1012,24,Male,Admin,9,27368.11,2,3,4,3,No,1.74
1013,43,Female,IT,8,28939.07,3,10,2,5,No,3.06
1014,23,Male,Admin,9,132233.46,1,10,1,5,No,1.82
1015,45,Male,HR,30,31359.15,4,8,3,3,No,3.64
1016,51,Female,Finance,6,78429.65,4,5,4,5,No,2.66
1017,59,Male,Admin,3,141096.08,5,4,3,5,No,1.91
1018,23,Female,IT,18,80708.04,2,9,4,3,No,2.54
1019,42,Male,Sales,9,52327.96,5,9,3,1,No,1
1020,54,Female,HR,29,70643.11,1,1,2,3,No,2.86
1021,33,Male,Sales,30,102363.56,4,2,1,1,No,2.02
1022,43,Female,Admin,2,105569.45,1,8,3,5,No,2.46
1023,46,Female,HR,24,160940.04,1,5,1,1,No,2.14
1024,48,Female,Finance,20,155027.58,2,7,4,5,No,3.36
1025,49,Female,Admin,28,102227.2,1,1,2,1,No,1.36
1026,37,Male,Finance,30,172220.12,4,10,1,1,No,2.47
1027,36,Female,R&D,18,40562.68,5,5,3,3,No,2.41
1028,24,Male,Sales,30,65963.6,4,3,1,1,No,1.05
1029,58,Male,HR,20,169035.76,2,10,1,5,No,2.85
1030,28,Male,Finance,1,88038.93,4,2,4,3,No,1.94
1031,42,Female,IT,26,196612.68,3,2,2,1,No,1.82
1032,30,Male,Finance,19,103925.59,5,9,2,3,No,2.15
1033,39,Male,IT,9,162548.41,3,4,1,4,No,1.55
1034,25,Male,Admin,1,92415.27,3,4,1,3,No,1.36
1035,46,Female,HR,1,96491.63,2,7,4,4,No,2.12
1036,35,Female,Finance,27,88918.97,1,10,1,4,No,2.3
1037,30,Male,Finance,23,149433.61,3,10,4,3,No,3.66
1038,47,Female,HR,16,118553.22,4,2,2,5,No,2.37
1039,23,Female,Finance,15,189880.06,1,3,2,5,No,1.3
1040,41,Male,IT,15,65160.26,4,3,4,5,No,2.81
1041,49,Male,Finance,13,38101.29,4,6,1,2,No,1.97
1042,28,Female,Sales,6,90787.07,1,3,2,4,No,1.8
1043,29,Male,Admin,20,131008.29,1,5,3,3,No,1.68
1044,56,Female,R&D,30,174943.81,4,4,4,5,No,3.29
1045,35,Female,IT,10,82315.44,2,3,2,5,No,1.86
1046,38,Female,Sales,23,137681.62,5,8,2,3,No,2.16
1047,57,Female,Admin,0,83035.76,5,10,2,4,No,1.47
1048,25,Female,HR,10,131099.52,2,3,3,3,No,2.25
1049,23,Female,IT,22,179265.43,1,6,3,2,No,2.36
1050,27,Male,R&D,20,61644.38,4,7,3,2,No,2.29
1051,25,Male,Admin,3,92763.5,5,7,1,3,No,2.14
1052,50,Female,R&D,6,198787.74,4,2,4,4,No,2.73
1053,39,Female,HR,25,176340.27,2,3,1,5,No,3.34
1054,47,Female,HR,14,121635.17,4,10,3,2,No,1
1055,55,Male,IT,17,112992.97,2,10,4,2,No,1.87
1056,31,Female,Finance,11,71228.07,1,4,1,4,No,1.15
1057,57,Male,HR,30,113097.7,2,7,1,2,No,1.92
1058,35,Female,Admin,16,172672.67,2,2,1,2,No,2
1059,52,Female,Finance,0,143331.41,5,3,3,4,No,1.6
1060,36,Male,Sales,10,72207.93,4,7,2,3,No,2.34
1061,29,Male,R&D,27,56263.51,5,7,4,5,No,4
1062,35,Female,Finance,0,67737.54,3,10,3,5,No,2.13
1063,44,Female,R&D,14,50556.66,2,3,4,2,No,2.65
1064,42,Female,Finance,27,37215.33,3,1,3,5,No,4.13
1065,37,Male,Sales,20,95444.51,5,3,1,3,No,2.33
1066,39,Male,HR,9,40393.93,4,5,1,2,No,1.36
1067,45,Male,Sales,6,50944.26,5,7,2,5,No,2.52
1068,47,Male,HR,1,118518.44,4,4,2,1,Yes,1
1069,46,Male,HR,9,49627.87,4,1,4,1,No,1.49
1070,50,Male,R&D,23,31498.36,1,6,2,1,No,1.84
1071,36,Female,Admin,3,77129.99,2,2,2,1,No,1
1072,22,Female,Sales,11,59657.44,5,3,4,1,No,1.26
1073,46,Male,Finance,18,112754.93,4,4,3,2,No,2.6
1074,28,Female,Sales,25,38426.08,5,6,2,4,No,2.94
1075,30,Female,R&D,10,155318.74,5,6,3,4,No,2.43
1076,45,Male,HR,7,183122.03,4,7,1,2,No,1.86
1077,22,Female,R&D,17,153818.33,3,5,2,2,No,1.75
1078,29,Male,IT,10,115908.87,2,7,1,3,No,1.41
1079,45,Male,IT,10,174920.21,2,2,1,4,No,2.58
1080,32,Female,Finance,12,145085.31,1,1,3,1,No,1
1081,38,Male,R&D,2,21899.2,1,10,4,2,No,1.53
1082,29,Male,Finance,11,90936.23,1,8,2,1,No,1
1083,56,Male,Finance,2,173171.34,2,1,3,4,No,2.05
1084,56,Male,IT,9,82254.59,3,2,4,5,No,3.04
1085,54,Male,Finance,26,26338.73,2,10,1,5,No,3.31
1086,26,Male,IT,16,154312.33,2,6,2,2,No,2.31
1087,49,Male,HR,21,164366.89,2,1,1,3,No,2.02
1088,28,Male,R&D,1,48906.87,2,10,1,1,Yes,1
1089,30,Female,Finance,16,116721.29,3,3,2,2,No,2.06
1090,29,Female,IT,15,54551.98,1,7,4,3,No,2.89
1091,33,Female,Sales,1,149462.2,5,8,4,1,No,1
1092,55,Male,Finance,27,68879.08,1,4,2,4,No,3.11
1093,54,Male,Admin,21,76918.72,1,3,2,5,No,2.75
1094,44,Female,HR,29,172094.75,5,1,3,3,No,2.99
1095,45,Female,HR,19,105738.02,2,9,3,1,No,1.67
1096,58,Female,Sales,5,140555.8,3,10,1,2,No,1
1097,56,Male,IT,27,92427.15,3,6,2,1,No,1.54
1098,43,Female,Finance,24,73641.23,1,6,4,2,No,2.52
1099,48,Female,IT,28,132586.05,5,9,1,5,No,3.28
1100,56,Male,HR,9,47874.36,4,1,1,5,No,1.85
1101,22,Female,IT,27,87139.97,2,6,1,1,No,2.44
1102,56,Male,HR,9,57626.67,1,5,1,1,No,2.18
1103,58,Male,IT,7,145243.09,3,6,4,2,No,1.96
1104,35,Male,Sales,0,189957.59,5,8,1,2,Yes,1
1105,24,Female,R&D,12,199191.97,5,5,2,3,No,1.44
1106,22,Female,Sales,23,101049.83,1,2,3,3,No,2.84
1107,26,Male,Sales,8,65455.47,4,2,4,3,No,2.84
1108,47,Female,R&D,21,99709.29,3,10,2,1,No,2.72
1109,35,Female,R&D,9,172508.49,1,5,2,3,No,2.45
1110,48,Female,Finance,14,57081.02,4,3,2,1,No,1.82
1111,30,Female,Finance,4,191377.22,5,10,3,5,No,2.51
1112,36,Male,Sales,21,81535.84,2,3,3,4,No,2.33
1113,36,Female,Sales,15,197444.66,3,8,3,5,No,2.8
1114,47,Male,HR,12,170949.6,3,7,2,1,No,1.19
1115,34,Male,HR,21,165542.7,4,1,3,1,No,1.9
1116,53,Female,Finance,24,77222.84,1,5,1,4,No,2.24
1117,53,Male,Admin,19,21579.9,5,9,3,2,No,2.53
1118,25,Female,Admin,17,88783.92,4,4,4,2,No,2.11
1119,51,Female,Finance,10,74325.69,2,1,2,2,No,1.32
1120,58,Male,HR,26,26731.46,2,8,2,3,No,2.24
1121,44,Male,HR,8,110965.75,2,5,1,2,No,1.32
1122,36,Male,Admin,15,92545.64,4,2,3,3,No,3
1123,50,Male,IT,1,134220.16,5,1,3,3,No,1.54
1124,57,Female,IT,25,131813.54,3,3,4,2,No,2.79
1125,34,Female,HR,24,41734.39,1,9,1,2,No,2.97
1126,53,Female,IT,1,195853.8,3,1,4,4,No,2.65
1127,28,Male,R&D,11,53647.66,5,4,4,4,No,2.84
1128,43,Male,Finance,7,100149.32,3,8,2,3,No,1.92
1129,49,Male,Finance,8,107861.16,4,8,2,4,No,1.7
1130,23,Female,HR,11,166351.3,2,10,3,3,No,1.7
1131,27,Male,Sales,25,37861.33,5,8,3,1,No,2.22
1132,49,Female,Admin,8,97155.97,5,10,4,3,No,2.18
1133,49,Male,HR,9,133130.39,3,8,3,3,No,1.53
1134,41,Female,IT,24,58728.01,4,4,4,4,No,3.55
1135,51,Female,Admin,1,132944.22,3,8,3,1,No,1
1136,32,Male,Sales,15,186259.67,3,9,3,5,No,3.41
1137,49,Male,IT,19,199553.26,5,7,2,5,No,2.82
1138,46,Female,R&D,6,25841.19,3,2,2,5,No,2.13
1139,54,Female,IT,27,62405.88,2,9,2,1,No,1.58
1140,22,Male,R&D,1,75855.28,3,8,2,2,Yes,1
1141,48,Male,Admin,0,91842.7,2,5,1,1,Yes,1.16
1142,34,Female,R&D,18,63606.29,5,3,2,4,No,2.63
1143,24,Male,Admin,27,56627.84,4,7,1,3,No,2.64
1144,27,Female,Admin,3,191819.69,2,2,2,3,No,2.25
1145,29,Female,Admin,23,185333.89,4,3,3,4,No,2.29
1146,48,Male,Admin,21,28458.65,4,9,4,4,No,3.39
1147,30,Male,Admin,26,80986.34,2,4,3,3,No,2.01
1148,58,Male,IT,1,92926.74,5,4,3,2,No,1.03
1149,54,Male,Admin,30,63022.62,1,3,1,2,No,1.73
1150,45,Male,IT,24,133197.12,4,5,2,2,No,2.63
1151,36,Female,Admin,13,135268.53,4,3,4,4,No,1.71
1152,53,Female,R&D,1,173090.76,5,9,4,3,No,1.63
1153,53,Male,Admin,28,153356.47,5,3,2,3,No,2.12
1154,45,Male,Sales,14,117663.2,3,2,1,3,No,1.37
1155,33,Male,Admin,11,137645.62,5,5,1,1,No,1
1156,23,Female,Admin,4,69317.98,4,6,1,1,No,1.36
1157,24,Male,R&D,27,126750.11,2,1,4,5,No,3.48
1158,58,Male,Finance,19,108060.91,1,6,1,1,No,2.31
1159,38,Female,R&D,28,44002,3,10,1,2,No,3.17
1160,23,Female,Sales,6,63657.97,2,3,4,2,No,2.76
1161,23,Male,Finance,23,72504.82,1,4,4,2,No,2.52
1162,49,Male,HR,20,186375.72,1,6,3,2,No,2.31
1163,44,Male,HR,9,61469.6,1,8,4,5,No,2.94
1164,58,Female,Sales,13,72063.9,2,9,2,2,No,1.47
1165,53,Male,R&D,13,86483.74,3,6,4,4,No,2.86
1166,54,Male,IT,4,139473.69,3,7,4,4,No,1.73
1167,22,Male,Sales,17,41282.91,1,5,1,4,No,1.31
1168,40,Female,Finance,23,191710.14,2,9,3,1,No,2.41
1169,23,Female,Finance,13,175802.82,1,4,1,3,No,1.58
1170,47,Male,Admin,1,123898.89,5,10,3,5,No,1.66
1171,53,Male,HR,25,141326.82,3,6,1,4,No,2.22
1172,27,Female,Finance,11,22998.88,4,5,2,4,No,2.91
1173,53,Female,Sales,21,81010.06,1,1,1,2,No,2.08
1174,25,Female,Finance,23,163218.84,5,5,1,4,No,1.79
1175,32,Female,Sales,5,33946.94,3,5,2,2,No,1
1176,38,Female,IT,3,70816.49,2,9,2,2,No,1
1177,59,Female,Admin,12,125353.43,3,1,4,3,No,2.54
1178,45,Female,HR,3,66154.34,2,5,1,1,No,1
1179,26,Female,Finance,21,188116.04,2,7,2,2,No,1.96
1180,55,Female,Sales,13,43590.55,1,6,2,2,No,1.71
1181,27,Male,R&D,30,163530.98,1,6,4,3,No,3.27
1182,43,Male,HR,15,111430.76,3,7,3,2,No,1
1183,32,Male,IT,28,155059.54,5,6,2,5,No,3.41
1184,37,Female,Sales,3,75928.76,3,5,2,1,No,1
1185,54,Male,Admin,23,112608.13,4,10,1,5,No,2.71
1186,30,Female,Admin,24,174230.36,2,5,4,4,No,2.95
1187,27,Female,IT,0,104038.06,2,9,1,1,Yes,1
1188,37,Male,IT,12,84749.58,1,8,3,4,No,2.82
1189,50,Female,Admin,3,116507.97,5,10,4,2,No,1
1190,24,Male,Finance,19,149125.3,1,4,1,3,No,1.79
1191,41,Male,Finance,17,99841.4,4,4,2,5,No,3.19
1192,57,Male,Sales,5,188997.86,3,10,2,4,No,1.57
1193,40,Female,R&D,2,73090.25,3,5,4,2,No,1.12
1194,47,Male,Sales,22,105583.45,5,3,2,5,No,2.87
1195,24,Female,R&D,12,156246.98,1,8,1,5,No,2.57
1196,40,Male,IT,26,144041.8,1,7,4,4,No,4.02
1197,41,Male,HR,15,175455.39,4,5,2,2,No,1.28
1198,53,Male,Sales,26,199425.65,3,10,2,3,No,2.17
1199,28,Female,Sales,4,96834.5,1,3,3,4,No,1.86
1200,54,Female,R&D,3,40007.16,5,5,3,5,No,2.37
1201,39,Female,IT,20,25474.86,3,3,4,5,No,2.91
1202,22,Male,IT,7,150837.84,4,10,3,1,No,1.59
1203,32,Male,R&D,18,177322.46,5,5,1,2,No,1.24
1204,49,Female,IT,13,59728.27,2,1,2,1,No,1
1205,46,Female,Admin,6,48520.65,4,6,2,3,No,1.87
1206,44,Female,Finance,30,31196.92,5,10,2,4,No,3.42
1207,52,Female,Admin,13,168086.53,1,4,4,5,No,3.47
1208,51,Female,HR,5,76048.75,2,4,4,2,No,1
1209,56,Female,Sales,11,92305.44,4,8,3,5,No,2.32
1210,28,Male,HR,15,110495.03,1,2,2,1,No,1.32
1211,37,Female,Sales,16,171101.58,2,4,2,1,No,2.38
1212,47,Male,Finance,12,137149.98,3,2,2,4,No,2.12
1213,23,Male,IT,22,130711.63,1,1,2,2,No,1.43
1214,22,Female,Admin,13,51620.98,5,10,2,2,No,1.8
1215,33,Female,R&D,28,112374.18,4,3,1,4,No,3.45
1216,26,Male,Admin,6,148768.58,2,8,2,1,No,1.55
1217,58,Female,Finance,13,195186.96,1,6,1,1,No,1.43
1218,53,Female,HR,14,56253.14,3,7,2,1,No,1.53
1219,30,Male,R&D,11,21717.8,4,2,4,5,No,1.72
1220,56,Male,IT,16,33554.26,4,6,4,3,No,2.51
1221,40,Male,Finance,8,87653.44,1,8,1,1,No,1
1222,37,Female,R&D,21,167698.04,3,8,2,3,No,2.27
1223,24,Male,Finance,14,21285.57,2,4,4,3,No,2.75
1224,41,Female,Finance,11,102211.51,1,6,4,2,No,1.86
1225,45,Male,IT,1,79261.51,2,5,2,4,No,1.47
1226,54,Male,Sales,4,29446.71,4,9,2,5,No,2.62
1227,45,Male,R&D,12,101042.53,2,8,4,3,No,2.09
1228,32,Female,IT,26,65854.77,3,2,2,5,No,3.23
1229,29,Female,Finance,19,83339.27,5,7,3,2,No,2.6
1230,57,Male,IT,22,147010.75,3,7,2,1,No,1.29
1231,59,Male,Sales,7,113879.18,2,1,4,3,No,1.49
1232,41,Male,Admin,26,42436.54,1,1,4,4,No,3.98
1233,56,Female,R&D,13,193054.62,4,4,1,2,No,1.15
1234,46,Male,Sales,14,134463.94,5,5,3,5,No,3.15
1235,56,Female,HR,10,157856.32,1,4,4,1,No,1
1236,46,Male,R&D,0,34258.37,1,7,3,5,No,1
1237,50,Male,Sales,20,28470.51,3,3,2,4,No,2.78
1238,39,Male,Finance,30,23500.65,2,7,4,3,No,3.14
1239,39,Male,R&D,2,53982.92,3,8,1,4,No,1.69
1240,23,Male,R&D,16,94593.51,2,6,4,5,No,4.04
1241,56,Male,IT,27,188448.7,3,6,1,5,No,2.43
1242,37,Female,Finance,18,102270.74,1,8,3,4,No,2.72
1243,57,Male,HR,13,72245.92,4,8,1,4,No,2.79
1244,54,Female,Admin,21,121148.35,2,7,2,4,No,2.1
1245,25,Male,Sales,29,40148.22,5,6,2,1,No,1.86
1246,54,Male,IT,22,129711.06,5,6,2,5,No,2.12
1247,35,Female,Sales,7,122317.75,1,10,4,2,No,2.87
1248,42,Male,HR,12,162558.75,3,6,2,1,No,1
1249,41,Female,HR,26,197603.77,3,8,2,1,No,2.4
1250,29,Female,R&D,19,65157.22,1,1,4,1,No,1.39
1251,28,Male,HR,2,111738.16,5,5,3,2,No,1
1252,24,Female,Sales,4,183595.77,5,3,2,4,No,2.33
1253,38,Female,Finance,8,161334.18,3,8,2,5,No,1.93
1254,54,Male,Finance,28,107733.13,2,6,4,3,No,3.43
1255,33,Female,R&D,5,190166.9,4,2,3,3,No,2.44
1256,43,Male,Admin,30,30302.6,2,7,3,5,No,3.7
1257,43,Male,Sales,24,187579.75,5,7,3,2,No,2.84
1258,51,Male,Sales,30,29091.33,2,5,4,3,No,3.24
1259,59,Male,HR,21,118514.85,4,8,1,1,No,1.61
1260,59,Female,Sales,1,180279.37,2,5,1,3,No,1
1261,29,Male,IT,12,67289.77,2,1,2,5,No,3.46
1262,48,Male,Admin,4,105004.73,2,9,2,1,No,1.27
1263,48,Female,HR,27,78379.2,2,4,2,3,No,2.91
1264,55,Male,IT,26,191385.91,1,2,1,5,No,3.39
1265,42,Male,R&D,24,168256.21,5,4,4,2,No,2.26
1266,51,Female,Finance,7,147620.27,4,9,2,5,No,2.72
1267,54,Female,R&D,22,125772.86,5,2,4,2,No,3.28
1268,49,Female,Finance,0,167706.52,1,4,2,1,Yes,1
1269,54,Female,R&D,19,90608.07,1,2,4,5,No,3.52
1270,26,Female,Sales,11,100559.33,1,5,4,4,No,2.58
1271,40,Female,IT,22,151400.31,1,3,1,4,No,2.24
1272,25,Female,Finance,10,84395.86,2,10,4,4,No,1.95
1273,56,Male,HR,6,31502.17,5,2,3,4,No,2.63
1274,38,Female,IT,14,33380.23,3,9,1,4,No,2.2
1275,49,Female,HR,21,40765.3,4,5,2,2,No,1.95
1276,51,Female,IT,23,176542.64,1,10,1,5,No,3.12
1277,50,Male,IT,10,105000.76,5,5,3,1,No,1.34
1278,27,Male,R&D,28,148318.83,1,1,3,4,No,2.85
1279,56,Female,Finance,21,90723.68,1,6,4,4,No,3.11
1280,58,Female,Finance,25,66567.97,1,7,3,1,No,2.14
1281,45,Female,IT,15,82494.59,1,1,3,1,No,1
1282,50,Male,Sales,2,162952.82,1,9,3,4,No,1.59
1283,52,Male,Sales,19,132538.9,4,8,3,2,No,1.52
1284,56,Female,HR,13,188775.16,5,8,2,1,No,1
1285,54,Male,HR,2,142346.86,1,7,2,5,No,2.23
1286,42,Female,R&D,0,122632.69,1,5,1,5,No,1.37
1287,53,Male,IT,30,129835.28,1,3,4,2,No,3.42
1288,44,Male,HR,25,189626.86,1,9,2,3,No,1.64
1289,54,Female,HR,20,161876.17,2,7,3,2,No,2.05
1290,24,Female,Admin,14,24327.42,2,10,4,4,No,2.39
1291,39,Female,IT,0,116145.15,3,10,2,3,No,1
1292,46,Female,R&D,16,143900.91,1,8,1,4,No,2.2
1293,52,Male,HR,1,154765.73,3,6,3,5,No,1.4
1294,24,Male,R&D,28,58365.58,4,5,4,1,No,2.61
1295,45,Male,Finance,19,176091.92,3,8,2,4,No,2.91
1296,53,Female,R&D,5,192051.77,5,3,4,5,No,2.68
1297,43,Male,Sales,7,62608.76,2,7,2,2,No,1.55
1298,44,Female,Sales,28,178870.78,2,2,1,4,No,3.32
1299,23,Male,R&D,15,37456.18,1,3,3,5,No,2.84
1300,48,Female,Sales,18,30027.23,1,2,1,1,No,1
1301,23,Female,Finance,0,43260.28,4,5,3,4,No,1.5
1302,47,Male,IT,2,30393.39,4,7,3,5,No,1.91
1303,38,Female,Sales,27,172102.2,5,10,4,4,No,2.83
1304,54,Female,Sales,2,30629.03,1,10,2,1,No,1.19
1305,30,Male,R&D,4,68899.55,1,1,1,4,No,1.86
1306,50,Female,Finance,26,38676.14,4,10,1,4,No,1.87
1307,47,Female,IT,11,73175.97,4,9,1,5,No,1.84
1308,56,Female,R&D,11,36300.7,4,1,4,3,No,1.7
1309,46,Male,R&D,19,140240.59,2,1,4,4,No,3.11
1310,45,Male,Admin,12,43998.83,3,10,4,3,No,2.84
1311,34,Female,Finance,19,173332.27,3,8,3,2,No,2.37
1312,28,Male,IT,8,167094.39,1,6,1,4,No,1.45
1313,57,Female,Finance,6,22459.1,2,6,3,3,No,1.64
1314,41,Female,IT,3,181230.74,4,9,1,2,No,1
1315,22,Female,Finance,18,25209.98,1,4,1,5,No,1.94
1316,29,Female,R&D,21,63136.24,2,8,2,4,No,3.07
1317,37,Female,R&D,18,25830.04,5,4,1,5,No,3.32
1318,35,Male,HR,5,80451.83,2,2,4,2,No,1.29
1319,33,Female,Sales,26,112495.97,1,8,4,5,No,3.62
1320,44,Male,Admin,12,163396.08,3,7,4,5,No,3.26
1321,36,Male,Finance,10,80836.68,4,4,2,1,No,1
1322,49,Female,Admin,12,146988.2,5,9,2,2,No,1.08
1323,55,Female,HR,12,53750.8,2,9,3,5,No,3.7
1324,23,Male,Sales,27,155107.72,1,8,1,3,No,1.97
1325,53,Male,Finance,24,62479.39,1,1,1,2,No,1.82
1326,44,Male,IT,21,45838.06,4,7,4,1,No,1.85
1327,43,Female,Sales,27,53373.59,1,5,4,4,No,2.35
1328,46,Male,R&D,19,52771.36,1,7,4,5,No,3.29
1329,43,Female,HR,14,112315.32,4,9,4,3,No,2.39
1330,43,Female,Sales,20,172063.56,5,2,4,1,No,2.19
1331,27,Female,Sales,12,34328.91,3,4,4,2,No,1.96
1332,36,Male,R&D,21,147252.14,3,4,1,5,No,2.52
1333,58,Female,Finance,10,137782.36,2,2,2,1,No,1
1334,54,Female,IT,18,177053.59,5,3,4,1,No,1.75
1335,29,Female,R&D,7,63946.56,2,8,1,3,No,1
1336,26,Female,IT,19,101019.77,3,9,4,4,No,2.53
1337,25,Female,Finance,7,186648.93,4,6,3,4,No,1.66
1338,27,Male,Sales,9,138798.82,1,10,3,4,No,2.54
1339,53,Female,IT,25,89978.31,3,2,1,2,No,2.2
1340,51,Female,HR,15,43654.23,5,2,2,1,No,1.46
1341,56,Male,HR,18,67247.3,3,7,3,2,No,3.07
1342,37,Female,R&D,25,124618.79,5,8,3,1,No,1.69
1343,34,Male,Finance,22,149270.23,5,8,2,3,No,2.96
1344,51,Female,R&D,10,42395.94,5,6,3,3,No,1.87
1345,40,Male,R&D,12,127927.51,2,10,4,2,No,2.08
1346,38,Male,Admin,27,119063.23,4,8,2,2,No,2.69
1347,40,Female,R&D,8,112511.98,3,1,3,3,No,1.66
1348,49,Female,Admin,19,144222.16,4,9,2,5,No,2.32
1349,47,Female,HR,23,170740.93,1,1,4,4,No,2.7
1350,58,Male,HR,18,78138.14,3,3,3,4,No,1.65
1351,47,Male,R&D,15,180022.19,4,9,1,3,No,2.15
1352,44,Male,HR,6,48914.05,4,5,3,4,No,2.39
1353,30,Female,Finance,18,51144.3,1,9,3,5,No,3.79
1354,33,Male,Admin,11,68018.97,5,9,4,5,No,3.06
1355,22,Male,Admin,14,41515.56,3,6,1,1,No,1.53
1356,22,Female,R&D,30,61457.46,3,1,1,2,No,2.26
1357,55,Male,HR,22,39154.12,1,10,1,4,No,2.73
1358,53,Male,IT,13,167915.44,5,7,4,5,No,3.49
1359,46,Female,Admin,10,45014.42,3,6,4,2,No,1.99
1360,22,Male,R&D,25,154513.56,3,9,4,2,No,2.39
1361,37,Female,R&D,9,28624.5,3,7,4,1,No,1.44
1362,26,Female,Finance,26,190733.66,5,4,4,2,No,3.08
1363,43,Female,Sales,10,148008.82,1,7,1,2,No,1.05
1364,50,Female,Sales,5,21223.38,3,2,2,3,No,1.99
1365,24,Female,Admin,1,157494.17,4,6,4,1,No,2.1
1366,33,Male,Finance,10,112534.75,5,6,2,1,No,1.65
1367,47,Male,Finance,18,160285.73,2,2,3,4,No,3.07
1368,37,Female,Finance,5,114049.43,1,4,3,2,No,1.62
1369,58,Female,Admin,13,135384.47,4,8,4,4,No,2.26
1370,43,Male,Sales,19,161539.7,3,8,3,5,No,2.62
1371,50,Female,Finance,5,92919.45,2,8,2,2,No,1
1372,35,Female,HR,16,20487.47,1,8,3,5,No,3.18
1373,49,Female,R&D,9,172990.37,5,1,3,3,No,1.76
1374,26,Male,R&D,27,88560.27,2,2,2,2,No,2.34
1375,51,Male,IT,0,109287.69,2,4,3,4,No,2.01
1376,26,Female,IT,2,21398,4,9,4,4,No,1.68
1377,33,Female,Admin,7,108576.56,1,3,2,2,No,1.1
1378,37,Male,Admin,7,197567.73,4,6,2,4,No,2.11
1379,47,Male,R&D,26,70088.18,4,7,1,2,No,1.95
1380,47,Female,HR,19,91175.29,3,8,1,1,No,1.35
1381,42,Female,Sales,21,143694.2,5,7,2,4,No,2.13
1382,57,Male,Sales,14,166662.86,2,3,2,2,No,1.61
1383,54,Male,Admin,23,95130.49,1,6,1,2,No,2.78
1384,51,Male,HR,6,75740.4,5,5,4,4,No,2.08
1385,58,Female,Admin,10,188808.64,5,10,3,1,No,1
1386,44,Male,Sales,6,141886.09,1,4,3,4,No,2.58
1387,31,Female,Admin,28,41423.83,5,1,3,2,No,2.86
1388,26,Male,Finance,3,32407.02,3,7,2,1,No,1
1389,57,Male,Admin,24,107038.97,5,8,4,5,No,2.84
1390,55,Male,R&D,11,59616.21,3,2,1,3,No,1.06
1391,52,Male,Admin,25,65717.26,2,7,4,4,No,2.48
1392,31,Female,R&D,5,177984.59,2,6,4,2,No,1.87
1393,40,Female,HR,13,36121.88,4,5,3,1,No,2.06
1394,53,Male,Sales,11,148765.54,3,4,1,1,No,1.28
1395,22,Female,IT,10,68805.61,2,2,4,5,No,3.77
1396,26,Male,IT,18,156859.08,5,10,1,4,No,2.08
1397,25,Male,Sales,20,150034.05,1,6,2,1,No,1.54
1398,37,Male,IT,4,21330.54,1,5,3,5,No,2.35
1399,45,Male,Admin,13,111644.37,3,2,1,2,No,1.34
1400,37,Female,HR,20,45077.51,4,10,2,5,No,3.15
1401,23,Male,HR,23,175920.87,5,7,2,4,No,2.43
1402,49,Male,Sales,15,176885.46,3,6,2,5,No,1.95
1403,53,Female,IT,24,95302.25,1,9,4,1,No,1.41
1404,48,Male,Admin,12,99991.21,3,10,4,1,No,1.94
1405,41,Male,HR,24,74590.93,5,5,3,3,No,2.44
1406,45,Male,HR,28,148989.13,2,9,3,5,No,2.92
1407,33,Female,Finance,21,84559.05,5,9,2,2,No,1.74
1408,56,Male,Finance,21,68202.65,2,1,3,4,No,3.83
1409,54,Female,HR,24,97801.59,2,5,4,3,No,2.34
1410,54,Male,Sales,19,36467.75,2,9,3,5,No,3.41
1411,58,Male,R&D,21,154388.58,3,7,1,2,No,2.06
1412,33,Female,R&D,3,22267.35,1,6,4,3,No,2.52
1413,24,Male,Admin,10,136007.31,3,6,2,1,No,1.14
1414,22,Male,HR,16,52915.61,1,7,2,4,No,1.62
1415,54,Female,HR,6,61832.73,5,1,3,5,No,2.9
1416,31,Female,HR,13,134413.76,4,4,4,2,No,1.93
1417,50,Female,Sales,25,198729.82,5,1,2,1,No,2.59
1418,34,Female,Finance,10,159989.15,3,6,2,3,No,2.21
1419,33,Female,HR,27,60651.13,3,4,4,4,No,3.85
1420,52,Male,HR,21,51684.46,1,1,4,3,No,3.93
1421,23,Female,IT,8,175921.92,3,9,2,3,No,1.84
1422,56,Male,Sales,22,99953.11,2,4,3,2,No,3.02
1423,44,Male,Admin,12,44669.5,3,6,3,1,No,1.3
1424,38,Male,HR,22,175198.06,1,7,3,5,No,3.47
1425,47,Female,IT,17,166896.62,1,8,1,2,No,1.4
1426,29,Female,R&D,27,197103.15,2,9,4,4,No,3.59
1427,50,Male,Admin,10,183753.86,1,9,2,3,No,1.99
1428,47,Female,HR,14,173322.26,4,8,1,4,No,1.07
1429,31,Female,HR,24,29463.39,5,10,3,2,No,2.09
1430,47,Female,IT,25,38794.77,3,3,1,2,No,2.17
1431,55,Female,Sales,24,122416.97,4,2,2,5,No,1.97
1432,28,Male,HR,21,115666.26,3,5,2,3,No,2.3
1433,25,Male,R&D,28,102433.38,4,1,4,2,No,3.3
1434,32,Female,HR,18,91422.08,3,3,3,4,No,3.35
1435,50,Male,R&D,0,97617.89,2,1,3,5,No,1.71
1436,57,Female,Admin,3,122473.63,1,3,1,4,No,2.23
1437,46,Female,Admin,13,20373.77,1,4,3,3,No,2.75
1438,42,Male,Finance,13,66927.58,2,7,1,5,No,1.28
1439,57,Male,Finance,2,113290.35,4,5,2,5,No,2.06
1440,31,Male,R&D,29,149998.9,5,5,2,5,No,3.46
1441,58,Female,Sales,27,51348.2,4,1,2,1,No,2.81
1442,30,Male,HR,16,118438.61,1,8,2,5,No,2.84
1443,45,Female,HR,2,148602.74,5,4,2,4,No,2.4
1444,56,Male,Finance,15,100032.98,3,10,1,4,No,1.76
1445,56,Male,R&D,13,24874.6,5,5,2,3,No,1.15
1446,57,Female,HR,29,100868.27,4,2,1,2,No,1.93
1447,39,Female,HR,19,73360.08,2,1,2,2,No,2.74
1448,53,Female,Sales,28,187336.93,3,9,1,1,No,2.36
1449,45,Female,IT,12,42430.41,4,2,1,5,No,3.46
1450,44,Female,Finance,14,137445.67,3,6,1,1,No,1
1451,53,Female,Finance,13,29489.56,5,1,3,3,No,2.67
1452,58,Female,IT,23,100310.68,1,1,1,3,No,2.63
1453,33,Female,HR,24,119716.31,4,9,1,2,No,1.86
1454,34,Male,Sales,18,73631.89,2,4,2,3,No,2.59
1455,44,Female,Sales,5,101913.61,5,9,1,5,No,2.02
1456,46,Female,Finance,9,49439.68,4,5,1,4,No,2.08
1457,56,Male,Sales,26,74742.29,2,7,4,3,No,3.34
1458,51,Female,Admin,14,131799.14,4,1,3,1,No,2.09
1459,38,Male,IT,20,74324.01,5,6,4,5,No,3.34
1460,41,Male,HR,21,181953.75,4,8,2,3,No,3.24
1461,46,Female,Admin,19,133113.25,3,1,3,3,No,2.34
1462,43,Male,IT,25,98956.82,5,9,3,5,No,4.29
1463,34,Female,R&D,5,26976.25,4,3,4,3,No,1.39
1464,40,Male,Finance,22,109918.7,1,1,3,4,No,2.41
1465,57,Male,Sales,24,157659.72,4,1,4,2,No,2.14
1466,33,Male,R&D,9,67800.37,3,6,1,5,No,2.63
1467,40,Female,Sales,6,165219.24,2,6,4,1,No,1
1468,33,Female,Admin,21,65325.22,2,1,3,3,No,3.3
1469,30,Male,HR,16,168274.35,2,3,3,2,No,1.74
1470,28,Male,HR,17,35348.3,1,7,2,1,No,1.75
1471,49,Female,HR,16,175913.07,3,10,2,1,No,1.82
1472,35,Female,Sales,8,109853.56,5,3,2,4,No,1.49
1473,52,Male,R&D,9,73376.77,2,3,2,2,No,1
1474,40,Male,HR,9,67720.39,3,3,3,5,No,2.69
1475,37,Female,R&D,24,97761.9,4,7,2,2,No,2.06
1476,26,Female,Sales,6,199828.91,1,4,4,2,No,1.95
1477,56,Female,Admin,15,59658.93,3,4,1,1,No,1
1478,33,Female,R&D,28,38579,3,3,3,4,No,3.02
1479,46,Female,Admin,17,125306.33,5,10,2,4,No,2.36
1480,42,Male,Sales,5,107937.64,3,9,3,2,No,1
1481,57,Female,Sales,26,114355.33,5,2,2,2,No,2.8
1482,44,Male,Finance,19,140048.38,1,4,3,3,No,2.07
1483,37,Female,Sales,0,68085.93,1,8,2,1,Yes,1.45
1484,35,Male,Sales,0,183919.7,4,6,1,5,No,1.35
1485,52,Female,IT,11,98420.97,5,7,2,5,No,2.19
1486,26,Female,HR,20,43235.52,5,7,4,4,No,2.38
1487,56,Male,Finance,27,153613.78,2,2,3,1,No,2.82
1488,44,Male,Finance,1,135758.78,2,4,3,4,No,2.08
1489,50,Female,Finance,3,76833.81,4,10,4,5,No,3.15
1490,32,Female,IT,16,131873.37,1,10,4,2,No,2.1
1491,39,Female,Admin,3,59575.15,2,6,1,1,No,1
1492,33,Female,Sales,10,100071.08,3,3,3,1,No,1
1493,30,Female,HR,21,181894.25,1,9,1,3,No,1.84
1494,31,Male,R&D,25,44036.16,3,4,3,2,No,2.54
1495,38,Male,Admin,3,89605.36,5,10,3,2,No,1.54
1496,59,Female,Sales,0,167805.64,1,2,1,4,No,2.31
1497,28,Male,IT,6,194508.36,4,6,3,1,No,1
1498,34,Male,Sales,29,101706.7,5,1,3,4,No,3.36
1499,30,Male,Sales,17,111259.93,5,6,1,2,No,1.46
1500,48,Female,IT,8,122990.95,3,10,2,3,No,1.74
1501,23,Male,Finance,28,187822.67,5,1,1,1,No,1.95
1502,26,Female,Finance,2,174477.22,2,8,3,2,No,1.2
1503,50,Male,HR,7,50708.2,1,5,4,3,No,1.48
1504,58,Female,HR,28,98616.41,2,6,2,5,No,2.64
1505,59,Male,Finance,23,103520.08,3,2,4,2,No,2.42
1506,40,Female,Admin,18,162037.3,3,2,2,5,No,2.09
1507,29,Female,R&D,3,128520.72,1,9,4,4,No,2.09
1508,22,Male,Sales,17,137759.68,5,3,2,5,No,2.62
1509,43,Female,R&D,19,199675.98,4,6,1,2,No,1
1510,38,Female,Sales,26,33492.81,3,10,2,5,No,4.17
1511,28,Female,Finance,10,60141.77,1,5,2,1,No,1.24
1512,46,Female,HR,26,93421.27,4,4,2,2,No,1.08
1513,25,Female,Admin,13,82600.83,5,10,3,3,No,2.27
1514,57,Female,HR,24,23896.2,3,2,4,5,No,3.4
1515,27,Female,R&D,17,36519.97,1,8,1,1,No,1
1516,52,Female,HR,27,142571.59,1,10,4,4,No,3.5
1517,40,Male,Finance,27,178278.4,1,7,4,4,No,2.88
1518,48,Male,Admin,28,112560.86,3,2,1,5,No,3.2
1519,31,Female,R&D,15,117054.39,4,6,3,4,No,2.2
1520,47,Female,Admin,2,65916.82,1,8,2,3,No,1
1521,40,Male,Sales,14,158217.75,5,7,3,2,No,1.89
1522,24,Male,HR,26,155323.03,1,1,3,1,No,1.39
1523,34,Male,Admin,26,125905.82,4,5,2,5,No,3.16
1524,49,Female,IT,30,58279.57,3,2,4,4,No,3.83
1525,41,Male,HR,3,37463.28,1,6,2,2,No,1.79
1526,49,Female,Sales,4,31562.94,1,7,1,3,No,1.84
1527,29,Female,Admin,16,126685.29,5,7,2,4,No,3.08
1528,22,Male,R&D,6,168506.36,5,3,4,4,No,2.07
1529,24,Female,Sales,15,174499.48,1,7,3,1,No,1.14
1530,34,Female,IT,13,103451.97,1,5,3,3,No,2.56
1531,49,Female,Admin,25,161168.83,5,8,2,3,No,2.29
1532,46,Female,Finance,15,190438.44,4,8,1,5,No,2.45
1533,54,Male,HR,6,69530.62,2,7,4,1,No,1.77
1534,59,Male,R&D,8,91632.86,2,6,3,5,No,3.51
1535,27,Female,Finance,3,187666.22,1,2,2,1,No,1.11
1536,53,Female,Admin,29,80881.57,5,6,1,3,No,2.65
1537,42,Male,Admin,29,184497.73,3,9,1,1,No,1.39
1538,37,Female,Sales,21,196588.08,3,2,3,1,No,2.53
1539,42,Male,Admin,10,139125.93,2,1,3,1,No,1.6
1540,32,Female,R&D,1,167040.25,4,5,4,2,No,1.28
1541,58,Female,Finance,11,154918.2,2,6,1,2,No,1.12
1542,57,Male,R&D,11,145916.17,1,3,4,3,No,2.05
1543,56,Male,IT,29,75247.59,4,8,1,1,No,1.97
1544,40,Male,IT,3,30276.98,3,7,1,3,No,1
1545,41,Male,HR,17,81749.31,5,2,2,2,No,2.46
1546,39,Female,HR,25,140048.48,5,7,3,1,No,2.67
1547,35,Male,IT,20,38455.26,1,1,1,5,No,2.62
1548,36,Female,Admin,30,22145.24,2,9,4,2,No,2.7
1549,52,Male,R&D,6,45144.63,1,7,3,2,No,1.49
1550,22,Male,IT,28,148832.47,5,6,4,2,No,2.87
1551,24,Female,HR,0,195102.87,3,2,3,1,No,1
1552,37,Male,IT,30,196951.65,5,3,3,4,No,3.8
1553,44,Male,Admin,25,108916.25,4,1,1,5,No,2.24
1554,32,Male,IT,25,176483.41,5,10,2,5,No,2.79
1555,33,Male,R&D,22,152628.76,5,5,1,3,No,2.59
1556,31,Female,Finance,25,110187.24,4,9,3,1,No,2.31
1557,53,Female,Admin,12,123096.9,2,6,1,2,No,1.06
1558,37,Male,HR,5,44700.89,5,5,1,4,No,1.85
1559,29,Male,R&D,5,188779.06,1,3,3,1,No,1
1560,59,Male,IT,11,83347.36,5,5,3,1,No,1.29
1561,33,Female,IT,7,100306.87,1,8,1,4,No,2.27
1562,45,Female,Finance,23,140898.84,4,2,1,2,No,2.42
1563,49,Female,HR,21,80102.44,5,5,1,1,No,1.69
1564,29,Female,HR,18,65766.65,4,6,4,5,No,2.67
1565,49,Male,Sales,4,133588.89,4,10,1,5,No,1.71
1566,57,Male,HR,17,24497.13,2,8,4,4,No,2.9
1567,47,Male,Finance,30,149730.52,5,8,2,2,No,3.23
1568,29,Female,Sales,29,112524.21,1,5,4,4,No,2.56
1569,49,Male,Sales,4,129035.67,1,9,1,1,No,1
1570,49,Female,IT,29,133738.43,5,4,2,5,No,3.91
1571,58,Female,IT,24,114869.03,2,9,4,3,No,3.58
1572,57,Male,HR,9,124856.08,2,7,4,4,No,2.42
1573,48,Male,Sales,0,143081.88,2,6,3,3,No,2.27
1574,38,Male,IT,9,155561.39,1,4,2,3,No,1.38
1575,30,Female,Finance,4,150941.43,4,2,3,5,No,1.55
1576,54,Female,IT,11,176530.96,2,8,2,4,No,2.55
1577,41,Male,Admin,21,54099.82,1,6,4,3,No,3.4
1578,34,Male,Admin,29,92206.63,1,3,3,1,No,2.99
1579,49,Female,IT,26,190603.29,4,7,1,2,No,1.67
1580,50,Male,Sales,6,91386.3,5,10,4,2,No,1.8
1581,34,Female,Sales,8,42476.61,5,7,2,5,No,2.72
1582,56,Female,R&D,21,114580.12,2,6,2,4,No,2.8
1583,27,Male,Admin,20,39708.38,2,2,3,4,No,3.52
1584,39,Male,Finance,11,56513.58,4,8,3,2,No,1.55
1585,26,Male,Sales,22,199697.38,2,1,2,1,No,1.76
1586,46,Male,HR,28,117445.27,4,1,4,2,No,2.92
1587,23,Female,Admin,0,71130.51,1,6,3,2,No,1.62
1588,31,Female,Finance,10,199059.49,2,5,1,4,No,1.8
1589,51,Female,Finance,29,193980.61,1,9,2,3,No,3.21
1590,26,Male,Sales,20,99333.03,3,7,1,1,No,2.3
1591,54,Female,Finance,14,66872.56,4,2,2,4,No,2.04
1592,22,Male,Sales,1,170911.93,3,7,1,2,Yes,1
1593,39,Male,IT,19,148811.73,2,3,4,3,No,3.13
1594,53,Male,Admin,6,143649.46,1,1,2,1,No,1.96
1595,32,Male,R&D,20,180760.47,2,8,4,5,No,3.62
1596,42,Male,IT,11,144095.08,3,3,3,1,No,1.06
1597,47,Male,Admin,21,71083.63,2,8,2,1,No,1.85
1598,46,Female,Sales,17,144895.37,5,7,4,2,No,2.73
1599,43,Male,Admin,2,75046.43,3,2,1,2,No,1
1600,48,Female,Sales,6,156663.02,2,1,4,5,No,2.06
1601,34,Female,IT,10,131554.61,1,7,2,5,No,2.23
1602,54,Male,HR,17,33934.08,2,1,4,5,No,3.48
1603,55,Male,HR,11,112310.37,1,6,1,4,No,1.27
1604,56,Male,Admin,5,81794.17,5,10,1,4,No,1.3
1605,22,Female,HR,4,79142.71,2,10,1,2,No,1.14
1606,42,Male,Sales,25,128406.13,5,8,3,2,No,3
1607,27,Female,Finance,0,78018.47,3,7,2,5,No,2.05
1608,49,Male,Sales,11,159840.87,1,4,1,4,No,2.14
1609,38,Male,Finance,26,32742.46,3,1,3,3,No,3.3
1610,26,Female,IT,30,138869.89,1,1,1,4,No,3.7
1611,52,Female,R&D,25,165655.06,5,4,4,2,No,3.39
1612,26,Male,Finance,10,141109.7,4,5,2,4,No,1.08
1613,59,Female,HR,3,109501.26,2,7,4,2,No,1.6
1614,24,Female,Sales,26,191055.26,5,4,3,5,No,3.86
1615,44,Female,IT,17,73988.93,1,10,4,5,No,4
1616,58,Female,HR,3,23450.22,1,1,4,5,No,2.77
1617,58,Female,IT,16,97758.09,1,10,1,3,No,1.47
1618,31,Male,R&D,1,25942.15,1,7,4,3,No,1.39
1619,31,Male,Sales,28,191708.62,2,2,1,2,No,1.85
1620,40,Female,Admin,23,57785.25,3,2,1,1,No,1.8
1621,38,Male,Sales,21,162006.86,4,8,2,3,No,2.11
1622,42,Male,R&D,1,159422.97,2,10,3,2,No,1
1623,35,Female,Sales,11,59191.2,1,10,3,4,No,1.76
1624,30,Male,Admin,30,131820.78,2,10,3,5,No,3.38
1625,22,Female,Finance,5,28654.21,5,5,1,5,No,1.27
1626,34,Female,IT,9,107043.43,1,10,3,5,No,1.94
1627,25,Male,Admin,24,22636.48,4,2,1,2,No,3.03
1628,22,Female,HR,22,185805.9,1,5,2,5,No,3
1629,53,Female,R&D,24,195695.48,4,8,3,3,No,2.51
1630,55,Female,Finance,20,60010.9,4,6,1,4,No,2.73
1631,49,Female,HR,22,57459.09,3,3,3,5,No,3.77
1632,52,Female,HR,26,155669.63,3,8,3,2,No,3.62
1633,29,Male,R&D,15,65608.29,2,9,2,4,No,3.2
1634,47,Male,Finance,30,181113.78,2,5,4,5,No,4.02
1635,55,Female,HR,13,123307.24,4,2,3,1,No,1
1636,24,Female,HR,6,83139.97,1,2,2,5,No,1.7
1637,33,Male,Finance,27,169884.87,5,7,3,3,No,2.65
1638,22,Female,Sales,27,108813.21,5,1,3,4,No,3.4
1639,26,Male,HR,18,184093.92,1,10,3,3,No,2.45
1640,51,Female,IT,22,187042.56,1,2,3,1,No,1.26
1641,51,Female,Finance,16,49775.63,3,10,4,1,No,1.07
1642,38,Female,HR,8,20418.21,5,4,4,3,No,2.23
1643,44,Female,R&D,25,197107.57,4,1,3,4,No,3.11
1644,36,Female,Admin,12,183104.76,2,4,3,1,No,1.4
1645,58,Female,IT,21,29980.14,3,10,2,1,No,1.99
1646,42,Female,Admin,4,169946.17,5,5,2,5,No,2.72
1647,35,Male,Admin,22,102404.89,1,9,1,2,No,2.06
1648,23,Male,HR,4,66613.09,5,1,4,1,No,1
1649,32,Male,IT,9,178174.37,4,5,3,4,No,3.21
1650,59,Female,IT,20,55400.1,3,2,4,4,No,2.91
1651,55,Female,Sales,26,190514,1,9,2,5,No,3.22
1652,59,Female,Admin,9,57011.87,4,6,4,4,No,2.12
1653,55,Female,IT,26,130462.97,2,2,4,5,No,3.06
1654,39,Female,Sales,6,60155.54,3,3,3,1,No,1
1655,51,Female,Finance,25,118220.36,4,8,3,1,No,1.54
1656,36,Female,Sales,14,143115.52,4,1,2,1,No,1
1657,48,Male,R&D,6,54241.03,1,3,3,1,No,1.12
1658,55,Female,HR,28,113759.44,2,10,2,2,No,2.95
1659,59,Male,Finance,26,104430.75,4,1,2,2,No,1.81
1660,54,Male,Finance,14,32786.74,3,8,1,1,No,2.48
1661,45,Female,R&D,2,167295.41,4,1,1,4,No,2.19
1662,36,Female,Sales,18,80422.83,5,5,1,5,No,2.59
1663,51,Male,HR,9,123424.8,3,4,4,3,No,1.59
1664,38,Male,Sales,27,112661.16,3,7,1,5,No,2.25
1665,26,Female,IT,28,112386.89,4,5,3,3,No,2.84
1666,50,Female,Sales,14,39300.03,1,8,3,3,No,2.23
1667,25,Male,Finance,2,96226.76,3,1,1,1,No,1
1668,31,Female,HR,5,101426.02,5,5,4,3,No,2.48
1669,38,Female,Sales,11,152055.71,1,4,2,1,No,2
1670,31,Female,HR,14,171203.39,1,3,4,2,No,2.34
1671,38,Male,HR,5,118096.81,1,5,4,4,No,2.51
1672,41,Male,IT,12,35620.93,3,10,2,3,No,1.74
1673,45,Male,IT,28,62632.9,1,3,2,4,No,3
1674,26,Female,Finance,18,49688.12,4,8,2,1,No,1.81
1675,55,Female,R&D,2,42430.71,1,3,3,3,No,1.44
1676,27,Male,HR,7,85861.87,5,1,2,5,No,2.58
1677,23,Male,R&D,7,61290.83,2,9,2,2,No,1
1678,34,Male,Finance,22,59294.56,5,9,4,2,No,2.13
1679,32,Female,HR,25,29844.77,3,6,4,3,No,2.43
1680,44,Male,HR,19,23180.61,1,10,1,2,No,1.42
1681,37,Male,Admin,14,38498.28,1,1,4,5,No,2.86
1682,52,Female,R&D,3,50995.55,4,8,2,4,No,2.26
1683,32,Female,Sales,18,97577.07,1,2,3,5,No,3.02
1684,37,Female,IT,20,111893.65,5,9,4,2,No,1.76
1685,29,Male,Sales,2,45306.55,3,8,4,4,No,1.4
1686,25,Female,R&D,12,96461,2,3,2,5,No,2.29
1687,25,Female,IT,7,81514.79,1,5,4,1,No,1.87
1688,46,Male,Sales,22,53016.26,2,9,4,1,No,2.9
1689,24,Female,Admin,15,21231.33,1,1,2,4,No,1.55
1690,53,Male,IT,12,104063.22,3,9,4,4,No,2.79
1691,24,Male,HR,2,143417.31,5,4,3,4,No,1.7
1692,48,Female,Sales,15,60729.92,3,4,1,1,No,1.09
1693,50,Female,IT,8,43725.23,2,4,4,5,No,2.17
1694,53,Female,Admin,27,179667.69,1,10,3,4,No,3.04
1695,40,Female,IT,13,69504.46,2,9,4,1,No,1.2
1696,42,Female,IT,12,60250.27,5,6,1,4,No,1.87
1697,26,Female,Admin,20,174277.45,3,8,2,4,No,3.17
1698,39,Male,Sales,24,167079.28,2,4,1,4,No,2.92
1699,49,Male,Finance,6,100702.36,2,3,4,1,No,2.36
1700,43,Female,Sales,14,108063,5,1,1,5,No,2.66
1701,42,Male,R&D,6,59194.77,1,10,1,1,No,1
1702,27,Female,Admin,5,34094.3,2,7,2,1,No,1.23
1703,22,Male,Sales,1,123217.73,5,4,4,4,No,1.66
1704,26,Male,IT,8,37702.09,1,8,1,3,No,1
1705,33,Male,Admin,21,100869.42,1,3,1,3,No,2.55
1706,47,Female,HR,23,189289.5,3,1,2,3,No,1.55
1707,55,Male,Sales,16,191510.19,5,5,3,1,No,2.26
1708,35,Female,Admin,4,63079.81,1,2,4,4,No,2.58
1709,47,Male,Sales,11,132340.42,3,3,3,3,No,1.63
1710,48,Male,Admin,0,105333.73,4,6,3,2,No,1
1711,30,Male,IT,9,177623.32,5,3,2,2,No,1.44
1712,47,Male,HR,10,68857.56,4,3,2,2,No,1.04
1713,43,Male,HR,15,20666.43,1,6,4,5,No,3.32
1714,51,Female,R&D,13,49261.02,5,5,3,4,No,2.76
1715,38,Female,Admin,7,82914.1,3,10,1,1,No,1
1716,47,Male,Sales,23,76829.8,1,9,3,1,No,1.64
1717,57,Male,HR,16,162445.33,5,1,2,4,No,2.38
1718,22,Male,HR,24,142500.92,5,3,1,5,No,3.47
1719,29,Male,Finance,17,73920.14,4,3,1,4,No,2.58
1720,56,Female,Finance,11,102393.89,1,6,2,5,No,1.28
1721,36,Male,HR,24,37200.64,3,8,1,3,No,2.15
1722,43,Female,Admin,16,181666.36,3,3,3,3,No,2.54
1723,35,Male,R&D,27,188376.47,1,3,2,5,No,2.85
1724,47,Female,HR,25,196364.64,1,6,4,4,No,2.81
1725,49,Male,IT,13,176339.51,2,8,2,3,No,1.58
1726,44,Male,Sales,15,51312.96,4,6,4,4,No,2.6
1727,35,Female,R&D,13,28315.37,1,10,4,3,No,1.86
1728,45,Male,IT,8,124327.41,1,3,2,4,No,2.33
1729,23,Male,R&D,3,184268.9,2,4,2,4,No,1.32
1730,47,Male,IT,24,51923.25,2,1,4,2,No,2.08
1731,35,Female,Sales,22,21267.72,5,8,4,5,No,3.2
1732,28,Male,Sales,10,164989.29,3,4,1,1,No,1.74
1733,24,Male,Finance,5,33823.22,4,6,2,5,No,2.41
1734,44,Female,Admin,14,94467.09,5,3,2,4,No,2.59
1735,39,Female,IT,4,142199.72,1,6,1,4,No,1.74
1736,59,Female,Finance,10,62623.57,2,9,2,5,No,1.93
1737,56,Male,IT,24,35113.26,3,9,1,4,No,2.28
1738,36,Male,Finance,17,158603.82,5,10,1,3,No,1.55
1739,46,Male,Sales,29,133431.52,3,3,2,4,No,3.6
1740,58,Female,R&D,12,197928.29,2,3,3,5,No,2.85
1741,49,Male,Finance,10,81975.45,5,4,4,5,No,1.97
1742,31,Male,IT,13,31117.23,5,7,2,5,No,3.28
1743,38,Female,IT,27,152183.01,3,3,3,2,No,2.38
1744,43,Female,Admin,17,113912.02,2,10,1,2,No,1.98
1745,47,Female,Sales,26,58376.71,1,8,3,2,No,3.03
1746,46,Female,IT,27,160711.22,5,8,2,2,No,1.07
1747,38,Female,HR,30,56675.99,1,6,2,2,No,2.73
1748,34,Male,R&D,24,66919.1,2,4,3,2,No,2.27
1749,41,Female,Finance,27,36655.14,5,5,2,2,No,1.14
1750,46,Male,Admin,18,91897.81,5,2,4,5,No,2.63
1751,25,Male,R&D,23,95407.26,1,6,3,1,No,1.82
1752,31,Female,Sales,26,112621.12,4,3,1,2,No,2.52
1753,24,Female,Admin,14,147613.57,1,6,3,5,No,2.71
1754,39,Female,Finance,8,183098.17,1,5,3,1,No,1.37
1755,57,Male,Finance,7,44792.14,4,2,3,2,No,1.37
1756,43,Female,HR,19,29782.66,2,5,3,1,No,2.39
1757,55,Female,Sales,27,23335.62,2,5,1,1,No,2.11
1758,29,Female,Admin,0,45851.85,5,9,1,3,No,1.18
1759,40,Female,Admin,3,138430.91,3,8,1,4,No,1
1760,58,Female,IT,13,150945.87,3,7,3,3,No,2.21
1761,27,Male,HR,24,161571.03,5,3,4,1,No,3.69
1762,47,Male,HR,1,63867.48,3,10,4,5,No,2.75
1763,55,Male,Admin,15,75061.07,1,4,1,2,No,1.18
1764,27,Female,Admin,2,106964.24,1,6,4,4,No,3.03
1765,58,Female,R&D,25,31372.96,4,3,4,2,No,2.26
1766,54,Female,R&D,7,130005.47,4,9,4,5,No,3.01
1767,43,Male,R&D,5,197072.31,5,8,4,4,No,2.23
1768,42,Female,HR,15,84945.14,5,6,4,3,No,2.54
1769,27,Female,IT,23,155512.55,5,4,2,1,No,1.96
1770,27,Female,Finance,15,110006.1,1,7,1,5,No,2.33
1771,25,Male,R&D,6,43006.13,3,3,3,1,No,1.01
1772,51,Female,IT,29,124802.74,5,10,4,1,No,1.89
1773,32,Male,Sales,12,73977.37,5,8,2,2,No,1.04
1774,51,Female,R&D,12,26192.58,1,1,3,5,No,2.87
1775,52,Male,Finance,4,134287.35,1,3,2,1,No,1
1776,45,Male,Sales,24,174607.82,1,5,4,3,No,2.44
1777,30,Male,Sales,19,82058.56,3,5,4,4,No,4.36
1778,24,Female,Finance,21,90253.2,5,10,4,5,No,4.59
1779,52,Female,R&D,17,180383.9,2,2,4,2,No,2.54
1780,58,Male,HR,14,166449.59,2,10,3,5,No,3.16
1781,57,Male,Finance,17,148691.51,5,8,3,2,No,1.64
1782,45,Female,Finance,1,64783.47,5,5,2,4,No,1.06
1783,52,Female,Finance,9,183839,5,7,1,3,No,1.38
1784,27,Male,Sales,22,47794.84,5,7,4,1,No,2.2
1785,23,Female,IT,12,132818.69,3,5,2,5,No,2.86
1786,41,Female,HR,17,25184.21,2,8,2,2,No,1
1787,49,Female,R&D,14,135869.57,4,9,2,4,No,3.37
1788,32,Female,R&D,30,69885.98,2,4,4,1,No,2.72
1789,25,Male,IT,11,100941.86,2,4,4,4,No,1.77
1790,36,Female,Finance,14,82147.62,1,8,2,3,No,2.08
1791,27,Female,HR,12,51096.22,5,1,4,1,No,1.25
1792,51,Male,R&D,17,131956.54,5,4,2,1,No,1.06
1793,59,Male,Admin,14,178755.6,5,6,3,1,No,1.07
1794,23,Female,R&D,24,192635.16,1,4,4,2,No,2.47
1795,36,Female,Finance,22,54622.35,3,6,3,1,No,3.05
1796,32,Female,Admin,10,149127.1,3,5,1,4,No,1.95
1797,29,Female,IT,18,139581.09,4,9,4,2,No,2.65
1798,47,Male,HR,2,81808,3,10,1,1,No,1.07
1799,26,Male,IT,6,23437.86,3,9,2,4,No,1.83
1800,27,Male,IT,20,144162.42,5,4,4,4,No,2.42
1801,47,Female,HR,25,190189.07,2,4,4,5,No,2.75
1802,25,Female,HR,13,133781.62,3,8,4,4,No,2.46
1803,40,Female,R&D,13,98352.69,3,10,1,3,No,2.32
1804,41,Female,R&D,21,114527.7,1,4,1,1,No,2.02
1805,54,Male,HR,12,55933.19,4,2,2,1,No,1.43
1806,41,Male,Admin,11,155097.95,1,2,3,1,No,1.64
1807,33,Female,Sales,23,154355.57,5,1,3,4,No,2.88
1808,22,Male,R&D,8,46193.11,2,5,1,4,No,1.56
1809,47,Female,Sales,0,178036.11,4,6,4,1,No,1
1810,35,Female,Admin,18,68454.15,1,9,3,2,No,1.36
1811,59,Male,HR,10,196806.09,3,5,3,2,No,2.6
1812,58,Female,Admin,22,88922.54,3,6,1,3,No,2.29
1813,32,Female,R&D,21,52019.13,4,6,2,5,No,2.73
1814,57,Male,IT,22,83309.62,3,3,1,3,No,3.11
1815,34,Female,HR,23,99232.46,1,4,1,1,No,2.66
1816,24,Female,Finance,21,32475.4,1,1,4,1,No,3.52
1817,54,Male,Sales,18,124079.31,3,4,1,1,No,1.28
1818,27,Female,Admin,17,127573.84,3,1,4,5,No,3.2
1819,31,Male,HR,11,153007.48,5,5,2,4,No,2.48
1820,26,Female,Admin,22,25250.58,2,8,4,5,No,4.23
1821,44,Male,HR,27,117422.88,4,8,2,3,No,2.68
1822,31,Male,R&D,27,29523.34,1,5,2,4,No,2.46
1823,23,Male,R&D,27,146205.96,4,10,2,4,No,2.57
1824,34,Female,R&D,26,30031.04,5,2,1,3,No,2.99
1825,23,Male,Admin,0,184111.01,1,6,4,4,No,2.31
1826,41,Male,Finance,18,146374.86,5,1,3,2,No,2.01
1827,22,Male,R&D,27,111330.16,5,7,1,3,No,2.33
1828,58,Male,HR,26,99470.71,3,4,2,3,No,2.51
1829,30,Male,R&D,19,43521.07,4,5,3,2,No,2.77
1830,38,Female,IT,28,72379.89,4,6,1,5,No,2.71
1831,30,Female,R&D,29,176412.64,3,1,3,5,No,2.94
1832,32,Female,Admin,16,182801.51,4,9,2,5,No,3.61
1833,36,Female,Finance,4,20134.59,3,10,3,4,No,2.01
1834,45,Female,IT,25,126944.55,1,4,3,2,No,2.41
1835,59,Female,Admin,2,149474.11,5,8,2,3,No,1.74
1836,56,Female,Admin,1,131374.46,5,5,3,3,No,1.06
1837,51,Male,Admin,30,34702.36,4,8,1,3,No,2.98
1838,52,Female,HR,2,59190.48,2,1,3,4,No,1.71
1839,26,Male,Admin,7,65061.25,5,8,4,4,No,2.91
1840,35,Male,HR,15,169710.43,3,4,1,5,No,1.68
1841,32,Female,Admin,5,103375.9,2,2,3,4,No,2.28
1842,30,Male,Sales,12,107629.08,2,6,4,5,No,2.78
1843,55,Male,IT,29,188280.75,5,2,4,5,No,3.4
1844,33,Male,Sales,22,134675.46,5,5,4,3,No,3.19
1845,56,Male,Admin,27,181760.19,5,2,3,4,No,3.08
1846,56,Female,IT,21,102171.59,3,3,2,5,No,3.18
1847,22,Female,IT,21,46898.53,2,6,4,2,No,3.08
1848,43,Female,Finance,15,187388.41,4,1,2,2,No,2.15
1849,50,Female,Sales,27,102566.92,3,6,1,4,No,2.21
1850,29,Female,Finance,15,52693.66,1,3,2,3,No,1.78
1851,32,Female,IT,2,74431.23,5,7,2,3,No,1.63
1852,58,Female,HR,27,29144.47,2,2,2,5,No,3.65
1853,35,Female,IT,12,104294.11,3,6,2,4,No,2
1854,51,Female,Finance,13,173563.07,1,8,2,2,No,1.75
1855,56,Female,Sales,7,188044.48,3,1,1,5,No,2.15
1856,42,Male,Admin,11,187868.4,3,9,1,5,No,2.42
1857,58,Female,Admin,22,42541.4,4,5,2,1,No,1.21
1858,26,Male,Sales,22,88769.7,4,5,2,4,No,1.99
1859,40,Male,Admin,21,25081.18,3,5,4,5,No,2.22
1860,35,Male,Admin,20,173929.76,1,6,1,2,No,1.85
1861,47,Male,Finance,25,84576.04,2,2,3,1,No,1.47
1862,25,Female,Sales,7,133601.07,2,6,1,2,No,2.22
1863,46,Male,R&D,20,148681.72,5,4,3,3,No,2.83
1864,46,Female,HR,24,97372.04,5,8,4,1,No,1.71
1865,39,Female,HR,8,75159.62,2,9,2,1,No,1.67
1866,29,Male,Admin,0,193198.32,3,9,4,5,No,2.87
1867,35,Female,HR,5,193607.88,3,8,2,3,No,2.16
1868,53,Male,Sales,22,72098.55,4,3,1,5,No,2.4
1869,59,Male,Sales,18,106332.52,4,10,2,4,No,2.86
1870,54,Female,IT,22,195111.95,5,4,3,2,No,2.92
1871,44,Female,IT,10,20876.31,2,1,3,2,No,2.49
1872,36,Male,HR,10,94282.08,3,9,4,5,No,2.04
1873,54,Female,R&D,22,38082.36,2,5,1,2,No,1.79
1874,46,Female,IT,29,111648.43,1,6,3,2,No,2.23
1875,38,Female,IT,12,24440.59,2,3,4,4,No,3.53
1876,54,Male,Sales,10,93241.72,1,10,1,3,No,1.85
1877,23,Male,R&D,17,59725.83,4,8,1,1,No,1.8
1878,35,Female,Admin,22,115995.51,4,7,4,5,No,3.64
1879,27,Female,HR,14,199278.86,5,1,3,5,No,2.99
1880,27,Female,IT,0,164096.5,2,10,3,4,No,1.37
1881,24,Female,R&D,20,172215.58,2,5,4,4,No,2.78
1882,28,Female,R&D,24,134347.7,1,10,3,1,No,2.14
1883,29,Male,HR,6,27480.77,4,9,4,3,No,1.68
1884,36,Female,R&D,22,57223.58,1,6,3,5,No,2.78
1885,50,Male,R&D,26,186511.62,4,8,3,4,No,3
1886,54,Female,R&D,12,85900.36,1,10,4,5,No,2.6
1887,51,Male,IT,11,38654.61,4,1,4,2,No,1.97
1888,48,Female,HR,17,146432.97,1,10,3,5,No,2.73
1889,57,Male,R&D,23,73902.39,4,7,4,3,No,2.51
1890,50,Female,R&D,18,68394.24,1,3,3,3,No,1.94
1891,59,Male,IT,14,199635.94,2,9,2,5,No,2.6
1892,54,Male,HR,7,174465.01,5,6,1,2,No,1.59
1893,58,Male,Sales,18,93428.81,1,5,1,3,No,2.33
1894,48,Male,IT,9,196447.02,5,8,3,4,No,1.49
1895,54,Male,HR,6,137020.38,2,8,1,5,No,2.43
1896,25,Male,R&D,17,153564.04,2,3,3,2,No,2.37
1897,43,Female,HR,15,25672.35,4,2,4,4,No,3.19
1898,23,Male,HR,19,41888.95,5,2,2,5,No,3.39
1899,31,Female,Admin,26,133955.32,3,5,1,2,No,1.74
1900,26,Female,HR,5,181824.32,4,10,1,4,No,1.5
1901,31,Female,Sales,26,132273.87,5,7,4,3,No,3.9
1902,54,Female,HR,8,44124.48,1,8,2,5,No,3.17
1903,59,Female,Sales,20,40836.81,1,10,2,5,No,2.86
1904,34,Male,R&D,12,171953.46,2,8,2,3,No,2.2
1905,52,Male,Sales,24,45074.42,3,8,4,1,No,2.65
1906,57,Male,R&D,30,113641.75,1,10,1,4,No,3.78
1907,45,Female,R&D,20,26680.4,5,3,1,3,No,2.27
1908,36,Male,Sales,25,34520.56,5,2,2,5,No,2.54
1909,50,Male,IT,7,141022.69,1,4,4,4,No,2.11
1910,29,Male,Finance,15,144052.65,5,1,4,4,No,4.32
1911,26,Male,HR,12,81464.49,5,3,4,1,No,1.07
1912,50,Male,Admin,12,58809.76,2,9,2,5,No,2.53
1913,25,Female,Finance,16,166467.85,3,7,4,2,No,3.36
1914,33,Male,HR,22,59078.58,2,7,2,1,No,1.4
1915,23,Female,HR,19,117564.87,3,1,2,1,No,1
1916,48,Female,R&D,4,194277.59,5,7,2,2,No,1
1917,52,Female,HR,21,46613.44,3,10,3,2,No,1.85
1918,57,Female,Admin,20,189357.73,5,7,2,1,No,1
1919,57,Female,HR,27,52920.75,5,4,4,4,No,3.87
1920,47,Male,Sales,16,122139.78,2,7,3,3,No,2.43
1921,48,Male,Finance,27,87861.39,2,8,1,3,No,1.38
1922,26,Male,Sales,8,193687.15,4,3,1,1,No,1
1923,41,Female,Admin,1,69237.57,1,10,4,4,No,2.67
1924,32,Male,HR,24,91938.44,4,2,4,2,No,2.7
1925,31,Male,Admin,25,196914.82,4,7,4,1,No,3.07
1926,59,Female,R&D,17,116564.67,3,5,4,5,No,3.71
1927,27,Female,Sales,8,110473.42,5,5,3,4,No,1.62
1928,29,Female,Sales,5,66400.13,5,5,4,5,No,2.99
1929,44,Female,IT,10,146245.44,5,7,2,5,No,2.68
1930,47,Male,HR,24,22587.13,1,9,1,1,No,1
1931,33,Female,R&D,28,28912.27,3,8,4,4,No,2.72
1932,47,Female,Sales,5,127884.55,3,6,2,5,No,3.37
1933,34,Male,Sales,5,81501.42,5,7,4,4,No,1.79
1934,39,Male,R&D,12,191596.95,4,9,2,3,No,2.11
1935,46,Female,Admin,10,182574.32,1,6,3,5,No,2.5
1936,54,Male,Admin,13,148467.13,4,1,1,5,No,2.44
1937,33,Female,HR,1,167266.2,2,4,1,4,No,1.39
1938,57,Female,IT,7,140119.73,3,8,3,3,No,2.33
1939,25,Male,Sales,2,42604.78,3,7,2,5,No,2.47
1940,26,Male,IT,22,157797.81,4,3,4,1,No,2.26
1941,58,Female,Admin,20,57834.55,1,10,2,4,No,2.15
1942,29,Female,Admin,2,78219.71,3,3,1,4,No,1.22
1943,49,Female,Finance,0,167462.16,4,3,3,5,No,1.31
1944,52,Male,HR,23,116574.61,1,1,3,3,No,2.48
1945,30,Female,Finance,18,174789.33,4,10,2,5,No,1.92
1946,50,Female,Finance,17,58346.36,1,1,2,2,No,1.96
1947,35,Female,Finance,16,129400.12,5,6,3,5,No,3.05
1948,43,Female,HR,19,35082.38,1,1,1,2,No,2.25
1949,32,Female,HR,28,135750.98,2,5,4,1,No,1.89
1950,44,Male,R&D,23,157256.13,5,4,4,4,No,2.57
1951,22,Female,IT,12,125287.56,4,5,2,4,No,2.96
1952,58,Female,IT,2,67921.67,5,7,3,3,No,1
1953,42,Female,R&D,29,25641.68,5,6,3,5,No,4.58
1954,47,Female,R&D,0,41500.8,4,9,3,1,No,1
1955,57,Male,Admin,3,132014.54,4,6,1,2,No,1
1956,44,Male,Finance,24,188195.64,2,9,2,3,No,2.92
1957,22,Male,R&D,12,57176.19,4,4,2,1,No,1.57
1958,36,Female,Sales,16,152304.71,3,1,2,1,No,2.32
1959,42,Female,IT,27,175961.19,3,1,1,2,No,1.2
1960,30,Male,R&D,29,113758.79,2,10,2,2,No,2.72
1961,30,Male,Sales,10,140467.84,1,7,4,4,No,2.48
1962,31,Male,Sales,1,166702.76,1,3,2,5,No,1.41
1963,47,Female,Sales,24,66921.53,3,2,2,3,No,3.44
1964,56,Female,Admin,15,73441.22,4,6,2,5,No,2.77
1965,46,Male,Admin,1,20112.95,2,6,1,3,No,1.12
1966,47,Male,Sales,28,193356.94,1,7,4,1,No,2.73
1967,32,Male,Admin,18,185158.08,1,5,4,2,No,1.44
1968,59,Female,Finance,22,157622.29,5,8,3,2,No,1.68
1969,23,Female,Sales,18,34233.68,3,7,3,1,No,1.63
1970,28,Female,Finance,24,100550.52,4,2,4,1,No,2.46
1971,39,Male,Finance,15,38340.52,2,1,2,3,No,2.69
1972,48,Male,Sales,21,22865.65,1,9,2,1,No,1.31
1973,55,Female,IT,18,130912.93,5,5,2,3,No,1.64
1974,48,Male,Sales,8,192949.3,3,5,1,5,No,2.35
1975,38,Female,Sales,0,182516.24,3,10,2,2,Yes,1
1976,45,Male,Admin,9,145415.87,2,4,1,2,No,1
1977,46,Male,Sales,18,37395.31,1,2,4,2,No,1.84
1978,28,Male,IT,0,69349.53,2,5,2,5,No,1.81
1979,27,Male,Admin,1,77610.21,2,2,2,5,No,1.87
1980,45,Female,HR,15,157367.01,5,7,3,4,No,2.59
1981,54,Male,HR,11,164404.85,3,9,4,3,No,1.6
1982,50,Female,Finance,7,89319.1,4,9,2,3,No,1.58
1983,43,Female,Finance,22,95219.12,3,6,1,4,No,2.97
1984,47,Female,IT,17,28011.63,3,1,4,2,No,1
1985,49,Male,R&D,1,72044.61,5,6,3,3,No,1.41
1986,42,Female,HR,24,101231.33,4,5,4,3,No,2.07
1987,28,Female,Finance,28,41056.95,1,4,1,2,No,2.18
1988,38,Female,HR,12,101588.14,4,6,3,1,No,1
1989,41,Male,IT,5,173571.65,1,6,1,1,No,1
1990,41,Male,IT,20,124637.78,4,6,4,4,No,3.81
1991,43,Female,R&D,25,34207.37,2,2,3,5,No,2.86
1992,49,Male,R&D,5,54500.84,4,7,1,3,No,1
1993,28,Female,Admin,8,105417.98,5,4,4,3,No,1.87
1994,22,Female,IT,15,85067.69,1,9,1,4,No,2.31
1995,53,Male,Finance,10,84570.86,3,10,2,4,No,1.59
1996,34,Female,HR,6,115268.14,5,2,4,3,No,1.81
1997,51,Male,Sales,30,125191.27,1,5,3,2,No,2.37
1998,44,Male,R&D,9,163435.08,1,4,3,2,No,1.42
1999,40,Female,Sales,9,81373.98,3,9,2,5,No,2.52
2000,53,Male,Finance,29,164983.93,2,4,1,3,No,2.83
2001,51,Male,R&D,24,80950.02,5,8,1,3,No,1.56
2002,50,Female,Sales,19,29977.94,3,8,3,3,No,2.61
2003,50,Female,Finance,17,119753.78,3,6,1,3,No,3.52
2004,51,Male,HR,27,125822.42,2,6,4,4,No,4.12
2005,37,Male,Finance,23,188217.24,5,8,4,1,No,1.93
2006,40,Female,Admin,19,150691.04,3,10,3,3,No,2.52
2007,39,Male,R&D,28,185199.08,2,9,4,1,No,2.48
2008,22,Male,IT,8,183502.5,5,5,3,2,No,1.83
2009,35,Male,HR,30,128823.34,4,1,1,5,No,2.99
2010,23,Male,Sales,14,114997.17,1,1,1,2,No,1.37
2011,49,Male,R&D,3,120339.37,2,2,1,3,No,1
2012,51,Male,IT,30,196099.55,1,10,2,2,No,3.05
2013,59,Male,Finance,7,159170.18,4,10,3,4,No,2.31
2014,25,Female,IT,8,39127.86,3,5,4,1,No,1.66
2015,22,Female,R&D,12,160117.11,3,4,1,3,No,2.31
2016,29,Female,R&D,8,50696.85,5,1,2,4,No,2.62
2017,50,Female,Admin,25,100523.1,2,4,4,1,No,2.87
2018,24,Female,Admin,3,57882.74,2,4,4,4,No,2.75
2019,53,Male,IT,16,144124.95,5,10,4,2,No,2.98
2020,31,Male,Finance,15,177915.75,1,4,1,3,No,1.37
2021,31,Male,IT,14,72265.14,3,1,4,2,No,1.95
2022,40,Male,R&D,2,34761.93,3,9,3,5,No,2.55
2023,55,Female,R&D,24,73728.76,2,3,2,3,No,2.06
2024,54,Male,Sales,19,141025.13,2,4,4,2,No,2.17
2025,44,Male,Admin,4,79176.82,5,5,4,3,No,2
2026,49,Female,Sales,22,70060.19,4,7,3,1,No,1.88
2027,53,Male,HR,4,53198.33,1,6,4,3,No,1.93
2028,28,Male,R&D,19,109552.96,4,5,1,3,No,1.48
2029,50,Female,Sales,14,69670.79,4,8,1,1,No,1.18
2030,29,Male,IT,17,151581.86,2,1,1,2,No,1.72
2031,22,Male,Admin,14,33792.03,2,7,4,3,No,3.21
2032,24,Male,Admin,1,139525.95,2,6,2,4,No,1.52
2033,45,Male,Finance,28,62760.8,4,5,2,3,No,2.37
2034,44,Male,IT,12,108070.27,1,7,4,2,No,2.36
2035,29,Female,Finance,3,71496.19,2,3,2,1,No,1
2036,58,Female,Sales,9,150098.36,3,1,2,2,No,1.29
2037,24,Female,HR,12,190155.27,1,9,4,5,No,2.64
2038,54,Female,IT,9,185073.82,3,2,1,3,No,1.68
2039,49,Female,IT,28,125016.72,1,10,4,3,No,3.72
2040,29,Female,IT,30,103269.85,2,3,1,1,No,2.78
2041,55,Male,Finance,8,167294.09,5,8,1,3,No,1.62
2042,56,Female,Sales,7,142998.75,2,10,2,4,No,1.17
2043,53,Female,IT,2,53041.54,4,9,2,4,No,1.44
2044,45,Male,IT,15,167765.46,4,3,1,2,No,1.35
2045,35,Male,Admin,30,97199.19,1,6,1,1,No,2.18
2046,53,Female,HR,13,54017.42,4,7,2,5,No,2.58
2047,37,Male,Admin,8,70723.52,2,1,3,2,No,1.26
2048,25,Female,Admin,29,68154.87,3,7,1,1,No,1.32
2049,58,Male,HR,20,113457.26,2,4,1,1,No,1.07
2050,42,Female,Sales,10,62186.62,1,5,1,2,No,1
2051,35,Male,Admin,2,42241.97,4,8,2,2,No,1.91
2052,52,Male,Sales,4,42264.35,3,4,4,3,No,1.52
2053,39,Female,Admin,28,124989.72,5,4,1,5,No,3.13
2054,28,Female,R&D,9,152256.67,3,8,1,4,No,2.33
2055,31,Female,HR,12,77875.94,3,5,1,3,No,1.8
2056,28,Female,Admin,3,26237.13,2,6,4,1,No,1
2057,54,Female,R&D,23,42900.48,5,5,4,5,No,3.94
2058,44,Male,Finance,12,184645.02,1,1,1,5,No,2.48
2059,42,Female,R&D,11,108837.86,1,7,1,2,No,1
2060,40,Female,IT,4,101643.11,3,6,3,5,No,2.92
2061,40,Male,Admin,9,26848.85,3,2,4,5,No,3.19
2062,57,Male,R&D,27,151154.66,4,7,3,1,No,2.42
2063,50,Female,Sales,23,115052.25,5,6,1,3,No,3.07
2064,39,Male,Finance,8,56374.57,3,5,1,5,No,2.53
2065,23,Male,Admin,19,39813.28,4,8,1,2,No,2.31
2066,22,Female,IT,6,89009.82,5,5,1,3,No,1.92
2067,26,Male,R&D,1,170689.15,1,2,2,2,Yes,1.43
2068,41,Male,Finance,21,175753.02,4,6,2,5,No,2.05
2069,32,Female,Admin,23,128512.35,5,1,2,3,No,1.61
2070,23,Female,Finance,27,150956.56,4,5,3,5,No,3.88
2071,24,Male,IT,22,40728.04,3,6,4,1,No,2.82
2072,44,Male,R&D,6,125862.69,2,7,1,3,No,1.05
2073,33,Female,Finance,7,140053.83,1,2,4,2,No,1.19
2074,41,Male,Finance,6,56128.31,3,1,2,1,No,1.13
2075,26,Male,HR,20,178427.85,3,6,1,4,No,1.67
2076,58,Male,Finance,22,55099.41,5,3,1,2,No,1.82
2077,59,Female,HR,28,76425.92,4,5,3,5,No,3.32
2078,51,Male,R&D,13,131700.23,1,2,4,2,No,1.94
2079,30,Male,Admin,25,134903.01,3,1,3,4,No,3.99
2080,55,Female,Admin,18,145889.25,5,1,2,2,No,1.58
2081,56,Male,R&D,4,40162.11,1,4,4,1,No,1.33
2082,43,Male,R&D,22,172903.6,4,10,2,2,No,1.44
2083,45,Female,Sales,30,115912.48,3,2,3,3,No,3.47
2084,38,Female,R&D,24,104837.92,3,1,3,4,No,2.91
2085,31,Female,Finance,30,196597.57,3,6,1,2,No,2.89
2086,51,Female,Admin,17,153268.09,1,4,4,4,No,1.62
2087,44,Male,IT,19,41241.08,1,10,4,1,No,2.02
2088,53,Male,Admin,11,156177.05,1,7,1,3,No,1.72
2089,38,Female,HR,22,37144.81,1,6,4,5,No,3.86
2090,38,Female,Admin,16,24944.7,5,5,2,2,No,1.48
2091,35,Male,Sales,12,92652.66,2,10,2,1,No,1.69
2092,30,Female,R&D,1,198844.07,5,2,3,4,No,1.59
2093,23,Male,R&D,24,51479.11,3,5,2,4,No,2.85
2094,46,Female,Admin,12,141075.98,5,9,4,1,No,2.16
2095,30,Male,IT,25,51211.29,4,9,1,2,No,1.59
2096,43,Female,IT,6,150461.66,1,2,3,5,No,2.77
2097,25,Female,Sales,27,110963.66,4,7,1,2,No,2.32
2098,47,Male,HR,9,142394.91,4,10,3,3,No,1.78
2099,50,Female,Admin,22,56517.17,3,4,3,2,No,1.97
2100,55,Male,R&D,5,154213.1,1,3,1,3,No,1
2101,44,Male,Admin,2,199211.43,4,1,2,4,No,1.66
2102,58,Male,Sales,25,139817.09,3,3,2,3,No,2.38
2103,32,Male,Finance,2,108826.4,1,9,2,5,No,2.32
2104,27,Male,Finance,17,186171.32,2,9,2,1,No,1.82
2105,39,Female,Sales,10,22853.33,3,7,1,3,No,2.14
2106,42,Female,R&D,21,151386.23,5,3,4,2,No,3
2107,57,Male,Sales,19,179974.37,1,3,3,3,No,4.03
2108,59,Female,R&D,4,31101.43,4,4,1,4,No,1.86
2109,55,Male,IT,18,101011.55,4,7,2,3,No,1.77
2110,38,Female,Sales,21,56849.5,5,7,2,5,No,3.36
2111,58,Female,R&D,26,121973.27,5,2,1,3,No,3.2
2112,46,Female,Sales,27,136917.73,4,5,3,5,No,3.69
2113,59,Female,Sales,18,74472.17,1,7,1,2,No,1
2114,33,Male,R&D,29,102796.7,3,7,1,4,No,3.13
2115,44,Male,R&D,14,70281.11,5,6,4,1,No,1.49
2116,43,Female,HR,29,86490.41,5,10,1,2,No,1.59
2117,42,Female,Sales,15,48717.19,5,10,4,2,No,2.24
2118,48,Male,Finance,23,179400.7,2,8,3,1,No,1.29
2119,52,Female,Sales,8,21801.87,1,3,1,3,No,2.01
2120,27,Male,Sales,3,178833.65,1,1,1,3,No,1.62
2121,48,Male,R&D,14,122902.2,1,3,2,3,No,1.96
2122,55,Male,Sales,24,79698.41,1,2,1,4,No,2.32
2123,33,Female,Admin,11,150150.28,1,2,2,2,No,1.46
2124,28,Male,Sales,22,111395.39,4,2,2,5,No,2.49
2125,31,Female,Admin,2,109839.56,5,5,2,1,No,1
2126,38,Male,Finance,22,39825.61,4,1,3,2,No,1
2127,47,Female,R&D,13,90112.88,2,10,4,3,No,2.39
2128,42,Female,Sales,16,63391.58,3,4,2,1,No,1.56
2129,49,Female,Admin,18,22825.26,5,10,1,5,No,3.02
2130,23,Male,Admin,5,84817.93,2,5,1,2,No,1.2
2131,22,Male,Admin,3,36167.98,4,2,2,2,No,1.64
2132,57,Female,IT,6,66229.41,3,5,2,4,No,2.17
2133,47,Female,HR,29,36652.99,2,10,1,2,No,2.77
2134,50,Female,Finance,18,38169.49,3,4,2,2,No,3.21
2135,42,Male,Sales,16,55822.03,2,8,4,5,No,3.31
2136,32,Male,IT,24,199972.86,4,1,4,5,No,3.59
2137,32,Male,Sales,15,20393.15,3,5,3,1,No,2.24
2138,57,Male,Sales,14,134961.07,2,10,2,3,No,1.77
2139,56,Female,R&D,21,45423.87,4,1,3,5,No,3.09
2140,55,Female,R&D,7,185713.06,5,10,3,1,No,1.46
2141,45,Male,R&D,18,36853.92,4,10,3,2,No,2.14
2142,43,Male,IT,7,191911.37,4,4,2,1,No,1.08
2143,26,Female,Sales,17,129966.75,5,8,3,1,No,2.2
2144,54,Male,HR,27,20228.25,4,1,4,1,No,1.6
2145,57,Male,Finance,15,180921.3,5,2,3,1,No,2.67
2146,41,Male,R&D,19,113908.12,5,1,4,5,No,3.49
2147,40,Male,R&D,18,67280.55,5,7,4,3,No,2.4
2148,56,Male,Sales,9,158110.25,2,2,2,1,No,1.96
2149,38,Male,Sales,16,186799.8,3,1,3,4,No,2.65
2150,55,Female,IT,30,107064.35,2,6,2,2,No,2.56
2151,30,Male,IT,12,76799.63,5,6,4,2,No,1.89
2152,47,Male,R&D,12,162010.12,3,10,1,2,No,2.13
2153,23,Female,Sales,6,142721.39,3,2,3,2,No,1.5
2154,30,Female,HR,26,179975.45,5,1,2,2,No,2.02
2155,30,Female,Finance,9,144652.52,3,10,1,1,No,1.45
2156,38,Male,Sales,1,63835.1,3,3,3,3,No,2.14
2157,22,Female,Sales,3,187698.66,2,10,3,4,No,2.75
2158,46,Male,Admin,24,38870.43,3,5,2,5,No,3.42
2159,46,Male,IT,5,68229.7,5,6,1,4,No,2.22
2160,56,Male,Finance,23,113635.03,1,3,2,5,No,2.92
2161,24,Female,R&D,17,121833.56,1,9,3,5,No,3.46
2162,58,Female,Sales,22,22755.91,1,5,3,4,No,3.27
2163,51,Female,R&D,5,160503.09,5,2,4,1,No,1.62
2164,59,Female,Sales,28,85089.32,1,10,3,2,No,1.82
2165,55,Female,R&D,29,93155.34,2,6,3,1,No,2.16
2166,33,Male,Finance,24,165686.52,5,8,1,2,No,1.98
2167,40,Male,IT,22,88271.01,5,6,1,3,No,2.47
2168,58,Male,Finance,16,28500.48,5,4,4,5,No,4.3
2169,38,Male,Admin,13,51759.16,3,6,4,4,No,3.08
2170,31,Female,HR,23,192062.57,3,8,4,3,No,2.44
2171,33,Female,IT,10,32672.97,3,8,2,2,No,1.26
2172,37,Male,Finance,25,83887.62,4,10,2,1,No,2.64
2173,45,Female,Admin,30,110572.25,2,2,4,4,No,3.24
2174,40,Female,HR,18,108790.55,5,8,2,5,No,3.31
2175,29,Male,Admin,29,20712.79,5,6,3,3,No,3.01
2176,52,Male,Sales,1,110209.29,3,2,4,5,No,2.27
2177,42,Female,Sales,27,89079.04,5,1,4,2,No,2.5
2178,38,Female,R&D,2,194974.28,5,6,2,5,No,1
2179,44,Male,IT,10,48648.64,1,7,1,1,No,1.27
2180,58,Male,Sales,5,83747.76,5,10,4,3,No,1.42
2181,37,Male,Admin,28,95506.67,4,5,2,3,No,1.99
2182,27,Female,IT,13,90324.84,3,10,2,1,No,1.47
2183,29,Male,Sales,18,139849.55,2,8,1,5,No,3.11
2184,46,Male,R&D,25,58792.31,2,9,4,1,No,1.5
2185,39,Female,Finance,15,59792.88,1,4,1,4,No,2.65
2186,46,Female,R&D,20,151257.97,2,7,3,1,No,1.45
2187,33,Female,HR,21,110052.29,2,8,1,5,No,3.07
2188,36,Female,Sales,23,94728.02,3,6,1,1,No,1.94
2189,47,Female,HR,6,50456.55,3,2,2,2,No,1.2
2190,47,Male,HR,29,53754.9,4,7,1,1,No,1.96
2191,53,Male,Admin,26,21899.29,1,9,3,1,No,2
2192,31,Female,IT,7,36456.73,2,5,2,5,No,2.38
2193,37,Female,Admin,18,120230.97,4,2,3,4,No,2.83
2194,28,Female,Sales,19,180537.16,1,4,1,4,No,1.89
2195,38,Female,HR,15,71689.66,2,3,3,5,No,2.17
2196,44,Female,Finance,21,78994.5,2,4,3,5,No,3.65
2197,47,Male,HR,26,40809.01,3,10,1,5,No,3.1
2198,42,Male,Finance,6,89953.57,5,7,1,2,No,1.53
2199,43,Male,Admin,8,26699.91,1,10,2,3,No,1.36
2200,28,Male,Admin,12,185168.13,2,8,2,1,No,1
2201,35,Female,IT,0,141160.04,1,1,4,5,No,1.79
2202,36,Male,HR,28,198334.79,4,8,2,5,No,3.21
2203,28,Female,R&D,30,178908.17,4,5,1,5,No,3.32
2204,30,Female,Admin,7,105138.31,5,7,3,4,No,1.88
2205,29,Female,Admin,23,113543.31,2,1,3,5,No,4.03
2206,44,Male,IT,21,54303.69,3,2,2,1,No,1.43
2207,50,Female,Finance,3,103167.08,2,1,2,5,No,2.17
2208,39,Male,IT,2,182545.02,1,5,1,1,No,1
2209,52,Male,HR,26,29153.62,4,6,3,2,No,2.16
2210,51,Female,Sales,2,175440.22,1,10,4,3,No,1.76
2211,56,Female,Sales,21,81370.6,5,9,4,4,No,2.63
2212,39,Female,Finance,12,181912.3,4,8,2,1,No,1.34
2213,38,Male,Admin,7,189358.38,3,7,4,2,No,1.97
2214,35,Female,Finance,6,140755.68,4,5,1,3,No,1.95
2215,52,Male,Admin,26,139596.28,2,3,4,3,No,2.46
2216,45,Female,Admin,0,101495.78,2,9,2,3,No,1.38
2217,56,Female,Sales,26,170397.24,4,5,1,1,No,1.77
2218,55,Male,Finance,15,193090.3,5,3,3,2,No,1.03
2219,24,Male,IT,5,159514.72,2,3,1,5,No,1.39
2220,58,Male,Admin,6,131948.61,2,3,2,2,No,1.54
2221,47,Male,R&D,11,129222.72,3,6,2,2,No,1
2222,44,Male,R&D,22,172904.58,4,1,4,2,No,2.46
2223,36,Male,IT,8,117416.68,2,4,4,1,No,1
2224,25,Female,R&D,26,164694.78,5,8,3,1,No,2.15
2225,50,Female,HR,10,111599.35,1,3,3,1,No,1
2226,43,Male,Admin,9,31239.97,4,5,2,2,No,1.15
2227,46,Female,IT,20,89110.46,3,2,2,1,No,1.48
2228,34,Male,Finance,0,99999.37,2,2,2,3,No,1.36
2229,39,Female,Admin,17,45491.1,5,7,3,1,No,1.62
2230,54,Female,IT,30,38449.34,4,10,2,4,No,2.48
2231,37,Male,Sales,3,116383.69,5,3,3,1,No,1
2232,23,Male,Finance,4,35325.85,5,5,2,1,No,1
2233,56,Male,Sales,8,74530.13,3,3,1,1,No,1
2234,55,Female,Admin,26,154027.46,4,6,1,1,No,1.88
2235,51,Male,Finance,30,193597.79,2,10,2,4,No,3.43
2236,34,Female,R&D,16,149216.7,3,3,1,5,No,2.25
2237,34,Male,IT,2,198672.6,2,8,3,1,No,1
2238,39,Female,Admin,15,145700.83,1,2,4,3,No,2.29
2239,53,Female,HR,4,72883,5,3,1,4,No,1.61
2240,53,Male,Finance,15,140969.46,1,8,4,5,No,2.47
2241,56,Female,Finance,2,146388.22,5,8,1,1,No,1
2242,50,Female,Admin,19,86910.86,3,1,3,5,No,3.28
2243,50,Male,Admin,14,23188.49,2,8,1,3,No,1.85
2244,37,Female,Sales,29,146575.96,2,10,1,4,No,3.42
2245,31,Male,R&D,2,23906.02,3,2,2,4,No,2.56
2246,51,Male,Sales,19,133613.85,4,7,4,5,No,2.5
2247,46,Male,Sales,13,49450.97,1,6,4,1,No,1.54
2248,41,Male,R&D,30,121808.63,1,2,3,2,No,2.76
2249,26,Female,HR,15,110704.34,2,5,3,4,No,2.73
2250,22,Female,Sales,28,22432.46,2,7,4,2,No,3.31
2251,51,Female,Sales,28,85315.85,2,8,2,4,No,3.36
2252,24,Male,Finance,30,128196.41,3,3,2,1,No,2.77
2253,35,Female,R&D,30,172749.18,4,1,4,1,No,2.63
2254,51,Female,IT,16,179955.58,1,7,1,4,No,1.89
2255,25,Male,HR,27,107092.99,5,5,4,5,No,4.62
2256,39,Male,HR,23,151116.05,3,5,1,1,No,1.73
2257,58,Female,R&D,19,76961.82,1,7,4,1,No,1.93
2258,46,Male,Admin,22,81593.55,4,1,1,3,No,1.66
2259,22,Male,Admin,17,55003.43,3,8,2,1,No,1.63
2260,36,Male,Finance,17,121150.66,1,10,4,3,No,3.05
2261,30,Male,Finance,21,76621.55,3,5,3,1,No,1.7
2262,36,Female,R&D,13,35186.76,1,8,1,1,No,1.08
2263,45,Male,Finance,17,143301.1,1,10,2,5,No,2.87
2264,25,Male,HR,14,147395.58,4,10,3,5,No,3.04
2265,33,Male,HR,14,84798.64,5,5,2,1,No,1.27
2266,58,Male,IT,5,33810.21,4,7,1,4,No,1.45
2267,58,Male,Admin,26,96733.59,1,10,4,4,No,3.04
2268,27,Male,R&D,14,99620.38,3,3,2,1,No,1
2269,45,Male,Sales,17,140360.76,4,2,4,4,No,2.46
2270,32,Male,Admin,3,76774.95,5,6,4,1,No,1
2271,34,Female,Sales,22,142867.87,1,5,2,5,No,2.23
2272,55,Male,IT,7,176867.94,4,9,2,2,No,1.85
2273,46,Female,IT,14,62747.49,4,10,2,3,No,2.18
2274,28,Male,Finance,2,196205.52,4,4,4,4,No,2.17
2275,25,Male,IT,29,89546.26,4,3,3,4,No,3.9
2276,29,Male,IT,14,68106.56,3,9,1,5,No,2.76
2277,41,Male,Sales,12,95872.01,5,8,3,4,No,2.01
2278,50,Female,Finance,8,36991.55,5,6,4,1,No,2.09
2279,31,Male,IT,1,42627.06,1,1,2,1,Yes,1.24
2280,55,Male,Admin,23,94598.13,2,10,2,2,No,1.59
2281,47,Female,IT,7,157240.01,3,1,1,2,No,1.6
2282,24,Female,Finance,28,182056.2,1,6,1,2,No,1.97
2283,27,Male,R&D,29,139667.24,1,3,3,1,No,2.85
2284,26,Female,Finance,19,38939.52,4,3,3,2,No,1.98
2285,26,Female,Sales,16,140963.56,2,6,1,2,No,1.33
2286,44,Female,R&D,12,134377.03,2,3,4,1,No,1.48
2287,30,Male,Admin,0,165037.51,3,10,3,5,No,1.61
2288,56,Male,HR,1,168544.76,2,6,2,4,No,1
2289,41,Male,Finance,29,176276.55,1,5,2,3,No,1.5
2290,56,Female,Sales,14,94543.67,2,4,4,1,No,1.27
2291,39,Male,Admin,11,145615.59,2,8,1,1,No,2.37
2292,38,Female,R&D,13,68285.06,5,2,3,3,No,2.39
2293,45,Male,Admin,24,199880.53,1,7,2,3,No,3.43
2294,24,Male,Finance,28,51560.16,2,4,1,2,No,2.04
2295,53,Female,IT,1,21820.6,2,2,3,3,No,1.32
2296,56,Male,Finance,17,46785.57,4,7,4,4,No,3.71
2297,59,Female,HR,21,159657.01,2,1,2,4,No,2.84
2298,34,Female,Finance,6,100421.06,2,4,4,4,No,1.82
2299,46,Male,R&D,28,100550.04,5,9,4,4,No,3.72
2300,30,Female,R&D,22,191904.13,1,4,4,4,No,3.73
2301,25,Male,Finance,30,185534.28,3,3,3,2,No,1.99
2302,35,Male,R&D,28,76015.05,1,10,4,1,No,2.73
2303,58,Female,IT,24,57630.46,4,10,3,3,No,2.02
2304,55,Male,Admin,5,172726.8,1,2,3,1,No,1.75
2305,32,Female,Finance,13,183083.43,2,3,4,3,No,2.47
2306,24,Male,IT,7,117487.45,4,1,4,2,No,2.06
2307,49,Male,Admin,26,133296.27,1,10,1,2,No,1.99
2308,50,Male,Admin,21,66244.57,4,8,2,5,No,2.06
2309,30,Male,IT,1,164144.48,3,1,1,5,No,1.53
2310,24,Male,Sales,16,133782.04,1,3,2,2,No,2.26
2311,46,Female,Finance,4,110632.43,2,3,2,2,No,2.2
2312,55,Female,Admin,13,30819.54,4,2,1,3,No,1.89
2313,33,Female,Admin,24,184868.29,5,5,1,2,No,1.66
2314,30,Female,R&D,23,130781.26,4,10,2,1,No,2.12
2315,36,Female,Admin,29,54684.4,5,3,2,3,No,3.17
2316,46,Female,IT,28,129149.5,2,3,2,2,No,2.47
2317,26,Male,Admin,19,141943.4,3,8,3,3,No,2.49
2318,32,Male,Sales,20,114638.66,5,4,2,3,No,2.41
2319,55,Female,Finance,28,149258.31,3,4,4,4,No,3.42
2320,45,Female,Finance,20,124661.71,4,3,4,5,No,3.45
2321,36,Male,Admin,21,190598.52,2,1,4,3,No,3.66
2322,59,Male,HR,2,29665.47,5,8,1,3,No,1
2323,29,Male,HR,4,39124.23,4,1,1,4,No,1.48
2324,26,Female,IT,15,51260.89,1,7,1,2,No,1.08
2325,47,Female,HR,17,144230.79,4,5,2,3,No,2.74
2326,39,Female,IT,25,136207.26,3,4,4,4,No,3.18
2327,27,Male,R&D,16,180570.59,2,4,2,1,No,1.78
2328,58,Male,IT,10,151917.94,2,8,3,4,No,3.01
2329,34,Female,HR,16,111503.99,4,6,3,5,No,2.36
2330,49,Female,Admin,15,198529.72,1,1,1,5,No,2.19
2331,26,Male,R&D,25,67899.43,3,10,3,2,No,3.11
2332,34,Male,HR,22,169974.5,4,8,4,2,No,1.94
2333,38,Male,IT,1,96822.27,4,2,3,5,No,1.9
2334,53,Male,Sales,3,136772.32,2,6,1,5,No,1.05
2335,50,Female,Finance,20,150908.32,3,9,2,3,No,2.98
2336,24,Male,HR,6,134075.74,1,1,3,5,No,2.11
2337,55,Male,IT,1,45291.31,2,6,4,2,No,1.63
2338,48,Male,R&D,29,99731.18,4,8,4,5,No,4.09
2339,34,Female,HR,5,121058.91,2,10,4,2,No,1.25
2340,54,Female,HR,16,172827.88,2,2,2,1,No,1
2341,27,Male,Finance,6,99856.23,5,5,4,5,No,2.49
2342,45,Male,IT,24,185374.51,2,6,1,2,No,1.88
2343,40,Male,Sales,4,99267.36,2,5,1,4,No,1.57
2344,37,Female,R&D,4,118780.37,3,3,4,3,No,1.87
2345,49,Female,IT,19,163331.42,2,4,3,2,No,1.9
2346,54,Female,R&D,15,124952.18,1,7,4,5,No,2.78
2347,34,Male,HR,18,192839.25,4,4,1,5,No,2.75
2348,46,Female,Finance,8,138860.45,3,9,1,1,No,1
2349,57,Male,Finance,4,114087.7,2,10,1,4,No,1.55
2350,48,Male,Admin,7,24246.55,1,2,3,2,No,1.27
2351,59,Male,Sales,8,94471.92,4,5,3,4,No,2.35
2352,28,Female,Finance,4,73864.72,3,8,3,1,No,1.65
2353,26,Male,HR,9,154659.02,1,5,1,3,No,2.12
2354,52,Female,Sales,24,57489.98,2,10,2,4,No,3.44
2355,44,Female,IT,1,56939.62,5,8,4,1,No,1
2356,31,Male,Finance,8,54113.43,5,8,4,2,No,1.67
2357,53,Male,Sales,10,42610.81,3,9,1,3,No,1
2358,51,Female,HR,3,75981.26,1,10,3,5,No,2.08
2359,52,Male,Admin,21,179465.98,4,6,2,1,No,1.6
2360,39,Female,R&D,21,159487.13,1,4,2,5,No,2.64
2361,57,Male,R&D,21,152345.22,5,3,3,3,No,2.24
2362,23,Female,HR,1,163520.63,3,5,4,1,No,1
2363,35,Female,HR,22,68495.22,2,6,4,1,No,1.53
2364,34,Female,R&D,28,179739.5,1,3,2,3,No,2.72
2365,50,Female,Admin,5,44714.61,5,2,2,2,No,1.29
2366,33,Male,Sales,26,80542.23,4,7,3,1,No,2.44
2367,23,Male,R&D,13,125614.66,3,5,4,3,No,2.22
2368,53,Female,HR,0,38522.92,2,9,2,4,No,1.61
2369,34,Female,Finance,17,151423.43,1,3,4,5,No,3.78
2370,48,Male,IT,6,89704.29,4,8,2,1,No,1
2371,38,Male,Admin,0,161193.02,2,6,3,4,No,1.48
2372,52,Male,Admin,30,108721.33,5,4,4,1,No,2
2373,55,Male,Finance,0,52557.41,5,9,2,2,Yes,1.4
2374,45,Male,Finance,0,152257.13,4,5,2,3,No,1
2375,56,Male,HR,23,65385.91,5,10,2,1,No,1.43
2376,27,Female,R&D,3,108345.85,3,6,2,3,No,1.66
2377,40,Male,Sales,3,33595.99,4,9,3,1,No,1
2378,51,Male,Admin,28,131216,5,7,4,2,No,2.49
2379,28,Female,Admin,17,139854.4,1,5,4,2,No,2.31
2380,31,Male,Finance,26,88161.36,5,2,1,4,No,2.51
2381,53,Male,R&D,10,191796.1,3,4,4,2,No,1.41
2382,55,Male,Admin,26,177350.41,2,2,1,3,No,2.1
2383,49,Male,Sales,0,147429.36,2,3,2,2,Yes,1.41
2384,36,Male,Finance,27,148457.37,5,10,3,1,No,3.17
2385,51,Female,Sales,9,65432.31,2,3,3,2,No,1.72
2386,58,Male,R&D,8,138226.74,5,4,2,3,No,1
2387,50,Female,Admin,22,55677.13,3,6,1,1,No,1.88
2388,43,Female,IT,3,45920.58,2,3,2,4,No,1.55
2389,25,Male,Admin,27,199904.22,1,10,3,4,No,2.6
2390,41,Female,R&D,5,132027.67,5,1,3,4,No,1.65
2391,53,Male,Admin,29,97577.82,2,1,4,1,No,2.17
2392,57,Female,Admin,15,71869.61,3,9,1,4,No,1.44
2393,25,Female,HR,1,128705.68,3,9,4,2,No,1.42
2394,48,Male,Admin,22,28926.83,1,5,3,1,No,2.91
2395,38,Male,Admin,17,37042.58,3,9,3,1,No,1.2
2396,33,Male,Sales,9,25914.21,3,7,4,1,No,2.45
2397,43,Male,IT,23,109850.57,2,9,4,5,No,3.55
2398,38,Male,Sales,23,128109.19,5,7,3,3,No,2.6
2399,31,Female,Sales,16,31246.36,4,9,4,5,No,2.94
2400,22,Female,Finance,12,149820.4,3,2,4,5,No,2.5
2401,43,Female,HR,23,61471.11,3,8,1,5,No,3
2402,47,Female,Sales,17,143336.26,4,7,3,3,No,2.61
2403,39,Female,R&D,21,196741.49,3,6,2,5,No,1.74
2404,35,Female,R&D,12,144399.06,2,5,1,4,No,3.27
2405,50,Female,Admin,16,178974.75,2,4,2,1,No,1
2406,33,Male,Finance,4,190675.73,4,7,4,1,No,1.04
2407,57,Male,HR,10,107615.19,3,3,4,2,No,1
2408,56,Female,HR,6,146418.5,3,8,2,4,No,1.77
2409,33,Female,Admin,28,173354.47,5,2,4,3,No,2.87
2410,28,Male,R&D,9,84189.6,3,1,4,1,No,1.29
2411,50,Male,IT,16,67051.52,2,2,1,5,No,2.65
2412,32,Male,Finance,14,190387.74,1,9,2,2,No,1.58
2413,54,Male,Admin,17,150734.63,1,5,1,2,No,1.92
2414,27,Female,Finance,22,59542.78,1,8,2,1,No,1.18
2415,36,Male,R&D,21,100835.01,1,3,1,4,No,2.49
2416,53,Female,R&D,18,163361.32,3,7,3,2,No,1.78
2417,32,Female,IT,29,118471.34,3,2,3,1,No,2.16
2418,44,Female,IT,25,136991.38,5,8,2,4,No,2.99
2419,47,Male,HR,1,155678.28,3,7,3,1,No,1
2420,55,Male,Finance,25,131961.65,1,5,1,1,No,1.7
2421,55,Female,Finance,3,117214.28,4,4,2,4,No,1.17
2422,50,Female,R&D,2,154930.57,4,1,3,4,No,2.45
2423,25,Female,HR,6,150961.35,2,5,3,4,No,2.46
2424,38,Male,Admin,23,133377.03,2,9,2,1,No,1.9
2425,56,Female,Finance,17,84762.09,3,10,3,2,No,1.93
2426,34,Male,HR,9,93046.18,4,4,3,3,No,1.9
2427,36,Female,HR,6,194678.94,1,9,2,3,No,2.14
2428,50,Female,R&D,7,40229.47,1,2,3,1,No,1.58
2429,50,Female,HR,5,68330.89,1,4,3,1,No,1.7
2430,32,Male,IT,21,108632.32,3,9,3,2,No,2.08
2431,53,Male,IT,25,170611.34,3,4,3,4,No,3.29
2432,23,Female,Sales,0,49461.62,5,5,4,1,No,1.69
2433,35,Male,R&D,3,69851.83,1,8,2,5,No,1.59
2434,41,Female,Admin,13,31843.68,1,1,4,4,No,2.16
2435,43,Male,Sales,16,147077.35,3,1,4,1,No,2.04
2436,32,Male,IT,19,62877.7,3,9,1,5,No,2.03
2437,48,Male,Sales,17,89961.46,5,9,4,2,No,1.34
2438,24,Female,R&D,10,99866.26,5,4,4,5,No,3.39
2439,38,Male,R&D,28,180436.51,2,2,1,1,No,2.57
2440,49,Male,HR,20,94039.45,4,9,3,3,No,1.91
2441,50,Female,Finance,25,46140.5,1,4,3,1,No,1.43
2442,42,Female,HR,13,114376.69,1,6,4,3,No,2.02
2443,37,Female,R&D,8,193332.44,5,1,1,2,No,1.83
2444,58,Female,IT,26,129383.42,5,9,3,2,No,2.29
2445,41,Male,Admin,14,197009.7,2,5,1,4,No,2.15
2446,27,Male,IT,11,171399.32,4,3,2,4,No,2.31
2447,40,Male,HR,9,26473.84,2,4,2,3,No,1.84
2448,26,Male,Admin,18,138511.93,4,1,2,3,No,2.95
2449,24,Male,R&D,23,71618.04,1,9,2,2,No,1.79
2450,22,Female,IT,18,120731.03,2,8,4,5,No,3.15
2451,59,Male,R&D,5,70282.13,5,4,2,3,No,1.67
2452,36,Male,Admin,19,82796.67,2,2,2,3,No,2.23
2453,55,Male,Admin,23,186170.37,2,9,1,5,No,2.24
2454,56,Female,IT,26,57195.77,1,4,3,4,No,2.36
2455,46,Female,R&D,5,177339.64,5,9,1,4,No,1
2456,45,Male,Sales,7,25482.41,5,10,4,3,No,2.41
2457,33,Female,R&D,0,36357.78,3,3,2,4,No,1.19
2458,39,Female,Admin,21,173841.51,3,7,3,4,No,3.08
2459,36,Female,R&D,16,133500.09,3,7,3,4,No,2.64
2460,37,Female,HR,16,154502.5,1,10,2,2,No,1.31
2461,48,Female,Sales,23,57695.18,2,4,2,1,No,1.38
2462,29,Female,Finance,14,116675.02,5,2,4,3,No,2.47
2463,46,Female,HR,6,152699.46,5,9,4,3,No,2.04
2464,38,Male,Finance,18,132916.54,2,4,2,2,No,2.15
2465,50,Male,IT,21,104905.78,5,8,2,1,No,1.52
2466,29,Female,Finance,30,192761.08,2,2,2,1,No,1.78
2467,36,Male,R&D,24,141708.32,1,8,2,2,No,2.25
2468,48,Male,Finance,22,183395.14,1,10,3,5,No,3.91
2469,28,Female,Admin,27,151358.69,1,5,4,5,No,2.71
2470,24,Male,HR,2,152383.44,2,7,2,1,No,1
2471,50,Female,HR,29,34403.29,2,7,2,5,No,3.65
2472,45,Female,Finance,29,84703.63,4,9,3,5,No,3.66
2473,24,Female,HR,28,174506.49,5,3,1,5,No,3.4
2474,41,Male,Admin,21,61868.7,5,10,2,1,No,1.54
2475,36,Male,HR,10,40791.06,4,4,3,5,No,1.79
2476,46,Male,Finance,19,78699.09,4,10,3,3,No,3.29
2477,51,Male,Sales,29,59678.82,1,4,1,1,No,2.49
2478,35,Female,Sales,28,186551.88,4,10,4,2,No,2.79
2479,28,Female,IT,18,176234,2,5,4,5,No,2.78
2480,38,Male,HR,8,109942.98,3,6,4,4,No,2.15
2481,41,Female,Finance,9,31041.9,2,3,2,1,No,1.26
2482,57,Female,HR,1,148621.22,4,4,4,2,No,1.32
2483,30,Male,R&D,0,132214.11,5,3,2,3,No,1.29
2484,59,Female,Admin,30,194699.84,2,2,2,2,No,3.31
2485,43,Male,HR,29,120611.58,5,10,3,5,No,4.01
2486,23,Female,HR,15,80550.87,2,9,4,4,No,2.16
2487,45,Male,Sales,17,113423.9,5,1,4,5,No,3.19
2488,29,Female,Admin,22,196267.39,2,2,4,2,No,2.24
2489,32,Female,Finance,25,145345.24,5,8,2,1,No,2.1
2490,34,Male,HR,16,140955.7,3,7,2,4,No,2.37
2491,38,Male,Sales,5,63322.69,1,1,4,4,No,3.73
2492,29,Male,IT,13,153848.45,2,5,2,2,No,1.86
2493,42,Male,Admin,22,155048.93,3,10,2,5,No,2.93
2494,39,Female,Sales,24,77112.02,1,6,1,2,No,2.92
2495,51,Female,Sales,14,107068.49,2,5,1,4,No,2.2
2496,39,Male,Sales,13,73028.6,3,4,4,2,No,1.29
2497,52,Female,HR,23,66566.91,3,1,4,4,No,3.09
2498,59,Male,HR,21,24661.29,3,7,1,5,No,3.06
2499,53,Male,IT,2,71338.11,4,9,2,1,No,1.04
2500,32,Female,R&D,23,119714.59,5,6,2,1,No,2.35
2501,46,Female,R&D,22,20288.21,1,3,3,2,No,2.38
2502,54,Male,R&D,18,70979.44,5,10,4,4,No,2.94
2503,59,Male,Admin,24,178653.86,5,4,4,1,No,1.6
2504,29,Male,Admin,11,126856.75,5,10,4,4,No,3.31
2505,32,Female,IT,1,129415.31,3,5,3,5,No,2
2506,43,Female,Admin,2,92605.57,5,1,3,2,No,1
2507,45,Female,R&D,17,141764.99,4,5,2,4,No,3.76
2508,38,Female,R&D,28,54187.9,2,1,1,2,No,3.04
2509,33,Male,Sales,0,167374.43,3,9,1,4,No,1.18
2510,53,Male,Admin,19,41004.04,1,7,1,4,No,1.41
2511,36,Male,HR,20,138080.24,2,3,2,5,No,2.54
2512,37,Male,HR,28,81406.88,2,9,1,2,No,2.99
2513,43,Male,Sales,5,154552.33,2,2,3,3,No,1.84
2514,49,Male,Sales,4,118957.62,5,7,3,4,No,1.33
2515,41,Female,Sales,0,101423.55,5,9,4,4,No,2.39
2516,54,Female,HR,18,50496.03,3,6,1,1,No,1.3
2517,31,Male,R&D,0,134627.86,5,10,3,2,No,1
2518,53,Male,Sales,26,195458.57,5,5,4,3,No,2.71
2519,54,Female,IT,20,168608.62,5,7,1,5,No,3.35
2520,23,Female,Sales,20,30801.47,3,6,1,3,No,2.37
2521,54,Female,Finance,15,87721.29,3,5,3,5,No,2.11
2522,54,Female,Sales,11,186604.94,4,2,4,3,No,2.43
2523,34,Male,HR,26,110547.87,4,8,4,3,No,3.05
2524,51,Male,Admin,28,139180.13,4,7,3,2,No,2.39
2525,54,Male,Sales,21,184267.88,4,6,3,1,No,1.77
2526,34,Male,Admin,7,177283.04,2,5,3,3,No,1.42
2527,47,Male,Finance,25,110327.67,2,5,1,4,No,2.32
2528,43,Female,IT,15,98776.33,4,9,3,4,No,2.69
2529,23,Male,Admin,27,81144.67,4,1,3,4,No,3.01
2530,59,Female,R&D,0,149423.5,1,9,2,1,Yes,1
2531,47,Male,Sales,3,71657.62,2,6,3,3,No,1.26
2532,36,Male,Finance,9,64979.77,1,4,3,5,No,2.9
2533,55,Male,Finance,10,84124.98,1,10,1,5,No,2.86
2534,32,Male,Admin,16,51898.71,5,7,4,2,No,2.2
2535,24,Male,IT,24,145121.57,3,9,1,1,No,1.96
2536,27,Female,HR,26,130923.32,2,5,2,3,No,2.88
2537,30,Female,Sales,22,106918.14,4,5,3,4,No,2.65
2538,27,Female,Finance,6,90258.64,4,8,3,1,No,1.48
2539,30,Male,IT,11,183631.26,3,7,3,1,No,1
2540,52,Male,R&D,20,25242.28,2,8,3,3,No,1.17
2541,53,Female,Finance,6,158439.39,4,10,3,2,No,1.34
2542,33,Male,IT,11,182343.72,4,2,3,2,No,2.07
2543,29,Male,HR,14,100343.82,5,9,2,2,No,1.66
2544,29,Female,HR,1,119124.29,1,3,3,4,No,2.22
2545,49,Male,Finance,13,190003.46,4,6,3,4,No,1.85
2546,41,Female,Finance,12,58209.95,2,6,3,3,No,2.54
2547,28,Male,Admin,3,113624.27,3,2,2,2,No,1.96
2548,32,Female,Sales,13,105449.8,5,7,3,3,No,1.8
2549,41,Male,IT,13,66510.68,2,9,2,2,No,2.04
2550,37,Male,Finance,15,167346.78,5,10,1,1,No,1.26
2551,25,Female,Sales,6,181928.11,1,1,3,5,No,2.62
2552,27,Male,Admin,18,160747.86,4,8,4,5,No,4.01
2553,43,Male,Sales,1,55164.61,2,2,2,2,Yes,1.21
2554,47,Female,Finance,9,35614.75,3,1,1,3,No,1.93
2555,24,Male,HR,17,128980.01,1,8,2,4,No,1.82
2556,35,Female,IT,28,30277.06,1,2,2,2,No,2.77
2557,32,Male,IT,16,141108.66,5,6,1,2,No,2.41
2558,39,Male,HR,4,115476.36,1,6,3,4,No,1.54
2559,33,Male,Finance,11,139301.43,2,5,3,2,No,1.59
2560,44,Male,IT,5,126230.74,5,8,2,1,No,1.29
2561,33,Female,Finance,21,96086.46,1,3,1,4,No,2.67
2562,34,Male,Admin,8,56157.89,3,10,3,1,No,1
2563,46,Female,Finance,19,75026.38,2,4,2,5,No,2.93
2564,40,Male,Sales,0,114410.1,3,7,4,4,No,1.83
2565,57,Male,HR,21,137336.26,3,7,1,4,No,1.97
2566,29,Male,Finance,14,160306.94,5,8,4,3,No,3.08
2567,50,Male,Admin,20,158090.73,4,2,4,3,No,2.7
2568,53,Female,R&D,25,195083.97,5,2,2,4,No,3.34
2569,39,Female,HR,5,71451.46,2,4,1,5,No,1.36
2570,27,Female,IT,18,32799.93,2,10,3,2,No,2.39
2571,39,Female,Sales,17,82218.25,5,9,3,3,No,2.88
2572,40,Male,IT,5,153793.01,4,10,2,5,No,2.03
2573,43,Female,Admin,12,98860.1,5,9,3,5,No,2.45
2574,58,Female,Admin,0,167201.92,2,4,3,3,No,1
2575,53,Male,IT,22,118878.75,4,9,4,2,No,2.07
2576,24,Male,HR,22,187362.51,2,3,4,3,No,2.57
2577,49,Male,IT,25,190615.42,4,5,1,5,No,2.46
2578,31,Male,Finance,12,32474.81,4,10,4,1,No,1.32
2579,56,Female,IT,6,102154.42,5,9,3,3,No,1.88
2580,50,Female,Sales,14,129744.03,5,6,1,5,No,2.54
2581,36,Male,Sales,11,66057.06,5,3,1,3,No,2.2
2582,54,Male,R&D,26,93273.82,4,10,2,5,No,2.82
2583,28,Male,Sales,25,141982.68,4,9,4,2,No,2.66
2584,33,Female,IT,0,60812.16,2,6,1,5,No,1.49
2585,51,Female,Sales,14,128356.64,3,4,3,4,No,2.26
2586,42,Male,HR,3,145540.61,5,4,1,1,No,1
2587,52,Male,Sales,12,36289.34,2,8,1,5,No,2.2
2588,45,Female,Finance,22,109555.28,2,7,2,3,No,2.53
2589,41,Male,HR,26,67354.41,1,1,3,3,No,2.63
2590,58,Male,R&D,24,150389.54,5,6,3,5,No,3.91
2591,25,Female,Finance,4,54119.99,2,8,4,4,No,1.35
2592,49,Male,IT,28,180602.82,1,3,3,5,No,4.03
2593,41,Female,IT,1,97569.44,5,9,1,2,Yes,1
2594,45,Male,IT,22,55640.55,4,10,3,4,No,2.81
2595,53,Male,Finance,25,98843.92,1,2,3,5,No,3.35
2596,57,Female,Finance,0,93573.88,4,6,1,1,Yes,1
2597,55,Female,Finance,15,97205.41,3,1,2,4,No,1.91
2598,57,Male,HR,22,125401.03,3,2,4,5,No,3.07
2599,23,Female,Admin,5,113811.27,3,5,4,1,No,1.6
2600,36,Male,HR,22,46959.88,3,1,2,5,No,2.15
2601,55,Male,IT,15,31804.23,2,8,1,2,No,1.53
2602,57,Female,Admin,13,151294.78,3,1,4,3,No,1.95
2603,27,Male,Sales,28,120749.14,2,9,2,5,No,2.8
2604,33,Male,IT,25,84620.14,2,10,2,4,No,2.03
2605,24,Female,R&D,2,165504.41,5,3,2,5,No,2.39
2606,39,Female,HR,14,89850.53,2,2,4,5,No,3.08
2607,42,Male,Finance,2,163273.72,2,1,4,5,No,2.06
2608,36,Female,HR,22,75036.1,3,9,4,5,No,3.32
2609,54,Female,Finance,28,33112.15,2,4,4,4,No,2.85
2610,56,Female,Admin,1,187875.14,4,1,3,4,No,1.58
2611,47,Female,R&D,0,91019.2,3,1,2,5,No,1.8
2612,29,Male,Admin,8,162684.66,1,7,3,3,No,1.93
2613,57,Male,R&D,8,70245.94,3,2,2,5,No,2.5
2614,51,Male,HR,22,136345.72,2,7,4,4,No,2.2
2615,44,Female,Finance,6,177195.96,4,7,4,2,No,1.9
2616,35,Female,Admin,2,27495.92,3,10,3,5,No,1.34
2617,35,Female,R&D,25,169514.44,4,9,1,5,No,3.17
2618,23,Female,IT,30,122839.94,1,7,4,5,No,3.69
2619,58,Female,IT,17,129344.92,1,1,1,5,No,3.1
2620,26,Female,Admin,10,114168.44,5,8,2,1,No,1
2621,59,Female,Finance,6,177405.52,5,8,3,5,No,2.79
2622,35,Male,Admin,8,27818,3,4,1,4,No,1.22
2623,46,Male,HR,0,66985.11,5,8,1,4,No,1.45
2624,41,Female,R&D,28,177637.26,4,4,4,1,No,1.48
2625,23,Female,HR,13,155422.23,5,8,1,5,No,2.79
2626,27,Female,IT,19,23176.13,4,5,1,3,No,2.91
2627,38,Male,R&D,5,113061.13,5,4,2,5,No,1.8
2628,46,Male,Admin,6,115323.08,5,6,3,4,No,2.16
2629,49,Female,HR,9,92158.78,5,2,4,2,No,2.07
2630,23,Female,Sales,6,73530.8,2,2,4,2,No,1
2631,56,Male,Finance,25,142710.47,2,2,1,3,No,1.98
2632,58,Male,Finance,1,57402.28,5,9,2,5,No,1.54
2633,26,Male,Sales,29,163810.74,4,10,1,1,No,3.15
2634,22,Male,IT,3,164546.69,3,3,1,5,No,2.37
2635,33,Female,R&D,20,94747.06,1,10,4,3,No,2.59
2636,57,Male,Finance,29,71038.64,2,4,1,3,No,2.94
2637,44,Male,Sales,27,71098.07,5,10,1,3,No,2.56
2638,52,Female,Admin,16,106812.44,1,8,2,2,No,2.1
2639,32,Male,Sales,0,149524.26,2,4,4,5,No,1.77
2640,31,Male,IT,9,84596.36,3,10,3,5,No,3.24
2641,24,Male,IT,18,129807.8,4,10,2,1,No,1.22
2642,35,Female,HR,30,88847.2,5,7,2,3,No,2.44
2643,37,Male,Finance,14,74814.17,3,5,2,3,No,2.3
2644,31,Female,HR,9,24474.71,2,9,4,4,No,2.62
2645,50,Female,Sales,18,20704.54,5,4,1,4,No,2.31
2646,31,Male,R&D,11,60897.38,1,3,3,2,No,2.17
2647,33,Male,R&D,23,93153.13,4,2,4,5,No,2.87
2648,51,Male,IT,15,173227.01,2,1,1,1,No,2.17
2649,22,Male,R&D,8,163727.16,4,6,2,1,No,1
2650,26,Female,R&D,14,68089.75,5,10,4,3,No,2.36
2651,41,Male,R&D,29,64017.28,3,2,1,1,No,2.88
2652,29,Male,Sales,26,60917.97,4,8,3,3,No,2.45
2653,33,Male,R&D,27,81062.72,1,6,3,5,No,3.96
2654,22,Female,Admin,16,109675.77,2,5,1,1,No,1.19
2655,41,Male,R&D,13,98960.2,1,2,4,3,No,1.93
2656,49,Male,R&D,26,59289.18,4,7,2,5,No,3.01
2657,58,Female,HR,17,43481.25,3,2,1,5,No,2.83
2658,58,Female,Sales,25,22264.01,3,5,2,3,No,3.06
2659,33,Male,IT,1,47713.38,1,2,3,3,No,1.66
2660,58,Male,HR,30,146964.15,5,10,1,2,No,1.5
2661,49,Male,Finance,3,63854.94,5,2,3,5,No,2.57
2662,36,Male,Sales,17,104348.33,3,7,2,3,No,2.08
2663,27,Male,Admin,6,126434.21,1,9,2,5,No,1.65
2664,41,Female,Sales,12,179631.36,1,5,1,1,No,1.27
2665,35,Female,Finance,14,179993.92,1,7,1,4,No,2.67
2666,23,Male,Finance,24,154232.07,4,4,1,4,No,2.6
2667,30,Male,Finance,22,26328.26,5,2,3,3,No,3.06
2668,58,Female,IT,27,123512.68,5,3,2,3,No,2.88
2669,41,Male,R&D,21,161585.02,4,2,2,5,No,3.19
2670,47,Male,Sales,30,23111.85,2,5,3,3,No,2.85
2671,50,Male,R&D,25,118943.23,4,6,1,5,No,3.36
2672,22,Male,R&D,0,174397.55,1,7,4,3,No,2.16
2673,56,Male,Admin,10,105338.37,4,3,1,5,No,2.6
2674,27,Female,Finance,9,20739.12,1,4,4,3,No,1.99
2675,58,Male,IT,24,21982.4,3,8,4,2,No,3.09
2676,26,Male,Admin,4,94994.49,1,4,3,5,No,2.49
2677,54,Male,HR,15,47901.56,5,7,2,2,No,1.26
2678,35,Female,IT,10,139601.12,4,6,2,2,No,1.31
2679,33,Female,R&D,20,147583.87,1,7,2,2,No,1.73
2680,41,Female,IT,5,52018.36,2,1,2,2,No,1
2681,45,Female,Finance,8,179935.99,3,3,3,1,No,1.8
2682,55,Male,HR,12,99543.41,2,6,4,4,No,4.15
2683,46,Female,Finance,23,45712.26,2,3,2,1,No,2.45
2684,50,Male,HR,7,157565.29,2,7,4,3,No,2.13
2685,52,Male,Admin,13,162195.41,3,9,3,3,No,1.89
2686,44,Female,R&D,23,135073.19,3,3,1,4,No,2.09
2687,59,Female,HR,0,173623.8,3,1,3,4,No,1.88
2688,41,Female,HR,16,152727.13,3,10,2,4,No,2.88
2689,44,Female,HR,23,178797.03,2,6,1,2,No,1.61
2690,37,Female,IT,4,98099.85,5,1,3,1,No,2.38
2691,29,Male,Admin,24,154567.48,5,1,3,3,No,2.01
2692,42,Female,IT,1,199955.28,3,8,4,1,No,1.26
2693,22,Female,R&D,24,150487.62,4,9,3,1,No,2.14
2694,29,Female,HR,27,40553.08,1,2,1,1,No,1.85
2695,50,Male,Admin,29,113297.37,4,9,3,4,No,2.97
2696,53,Female,Admin,23,125722.6,4,5,2,4,No,2.79
2697,59,Male,Sales,8,51357.92,4,8,4,3,No,1.88
2698,26,Female,R&D,3,193320.49,5,7,1,3,No,1.89
2699,43,Female,Admin,16,51604.36,1,7,1,3,No,2.71
2700,55,Male,HR,16,51960.43,4,4,3,1,No,1.51
2701,22,Female,HR,20,184730.08,3,2,2,4,No,1.78
2702,47,Male,Admin,17,103736.98,5,5,4,2,No,2.41
2703,31,Male,IT,15,31373.89,3,3,1,1,No,1.39
2704,51,Male,R&D,29,127673.75,3,9,4,5,No,3.8
2705,39,Female,HR,7,128328.74,4,6,3,1,No,1.52
2706,38,Female,Admin,25,31610.14,3,1,2,4,No,3.54
2707,47,Female,HR,10,195054.05,1,3,3,5,No,3.02
2708,29,Male,Admin,20,117925.39,3,4,4,1,No,2.37
2709,33,Female,R&D,20,120763.23,4,9,3,4,No,3.18
2710,48,Male,Admin,17,113620.77,3,6,4,4,No,2.98
2711,29,Female,Sales,22,129931.72,5,4,1,2,No,1.43
2712,46,Male,Admin,28,67573.96,5,1,1,1,No,2.63
2713,25,Male,Admin,23,71703.44,5,8,3,4,No,3
2714,54,Male,R&D,9,112041.04,2,2,1,3,No,1.08
2715,22,Female,Admin,12,165203.45,5,8,4,4,No,2.04
2716,40,Male,R&D,16,28975.62,5,6,1,2,No,1.14
2717,52,Male,Sales,17,128612.76,2,8,2,4,No,1.83
2718,37,Male,R&D,9,165220.07,5,6,2,1,No,1.48
2719,35,Male,HR,15,48245.11,4,5,3,1,No,1.56
2720,26,Male,R&D,19,22704.06,5,5,3,5,No,3.44
2721,47,Male,Sales,4,76288.39,5,10,3,1,No,1.68
2722,49,Female,Finance,12,125865.87,2,10,3,5,No,3.16
2723,23,Female,Admin,17,44890.97,4,8,4,3,No,2.87
2724,27,Male,R&D,16,96702.03,3,7,4,2,No,2.34
2725,30,Female,Admin,8,119417.87,1,8,2,3,No,1.6
2726,54,Female,IT,13,127798.96,4,8,4,5,No,2.89
2727,46,Male,HR,16,69394.11,3,7,1,4,No,2.49
2728,34,Male,HR,28,92005.33,4,2,2,4,No,2.52
2729,30,Male,IT,30,160101.06,3,9,3,3,No,2.97
2730,34,Female,IT,3,189418.64,3,7,3,4,No,1.58
2731,52,Male,R&D,17,175138.46,4,6,4,5,No,3.74
2732,32,Female,IT,26,121571.03,2,9,2,2,No,2.66
2733,25,Male,Finance,19,93852.7,4,1,4,1,No,3.12
2734,55,Female,Admin,23,79932.19,4,2,4,5,No,3.07
2735,59,Male,Admin,23,42492.18,3,1,4,5,No,3.12
2736,25,Male,Sales,14,39179.22,1,10,2,1,No,1.43
2737,59,Female,IT,10,143904.37,3,3,3,1,No,1.04
2738,40,Female,IT,11,66762.99,5,5,1,2,No,1.62
2739,27,Female,Finance,8,65839.1,4,1,3,2,No,1.57
2740,55,Female,HR,12,199675.11,4,4,2,2,No,1.36
2741,39,Female,HR,14,53826.67,2,8,3,4,No,3.04
2742,34,Female,Admin,26,46650.76,3,6,3,5,No,2.48
2743,44,Male,Admin,14,37763.34,2,1,1,1,No,1.47
2744,40,Female,R&D,27,124364.96,4,1,3,5,No,3.17
2745,32,Male,Finance,4,133015.49,3,3,3,5,No,2.71
2746,22,Male,Sales,22,85741.03,3,10,3,2,No,2.83
2747,45,Female,Sales,18,116374.4,5,8,4,2,No,1.16
2748,28,Male,Finance,25,161911.92,5,8,2,5,No,3.04
2749,46,Female,Sales,19,167258.75,1,3,2,2,No,1.98
2750,42,Female,HR,25,192424.17,5,7,1,4,No,1.47
2751,36,Male,Sales,24,168368.24,3,3,4,1,No,2.41
2752,22,Male,Sales,25,121671.46,5,4,4,5,No,3.29
2753,33,Female,Finance,25,52338.25,1,9,3,1,No,1.55
2754,28,Female,Finance,13,37957.44,4,4,2,4,No,1.92
2755,36,Male,Sales,27,29812.14,5,3,1,2,No,1.74
2756,42,Male,IT,16,139974.65,3,5,4,3,No,2.21
2757,40,Male,Finance,17,165356.53,4,7,3,4,No,2.74
2758,50,Male,R&D,20,111563.11,3,5,1,3,No,2.59
2759,46,Female,R&D,2,29848.55,4,4,4,1,No,1.16
2760,54,Female,HR,1,116384.7,3,8,1,5,No,2.3
2761,53,Female,Sales,0,188434.87,5,4,4,2,No,1
2762,56,Female,IT,9,127570.37,5,2,1,4,No,1.93
2763,59,Male,HR,18,165696.95,1,10,4,2,No,3.35
2764,47,Male,Sales,16,164027.48,4,6,4,3,No,1.7
2765,32,Female,Finance,11,187783.24,1,2,1,3,No,1
2766,56,Female,R&D,0,158641.18,2,3,4,5,No,2.94
2767,29,Female,Admin,11,154586.09,5,1,4,3,No,2.36
2768,35,Female,IT,16,62138.48,4,5,4,5,No,2.8
2769,31,Female,Admin,23,30786.53,1,9,1,4,No,1.99
2770,23,Female,R&D,30,113167.9,1,2,1,5,No,3.18
2771,30,Female,Admin,2,42398.16,2,7,4,3,No,1.87
2772,24,Female,Finance,10,193195.26,1,5,4,1,No,1.67
2773,42,Female,Sales,16,72186.46,3,2,1,5,No,1.93
2774,47,Male,Finance,22,173529.96,5,8,3,2,No,2.13
2775,29,Female,Admin,25,89772.43,1,6,4,1,No,2.07
2776,23,Male,Finance,2,78174.96,1,4,3,5,No,2.52
2777,27,Male,R&D,7,188328.54,2,4,1,2,No,1
2778,49,Female,IT,19,85398.06,3,2,4,1,No,2.09
2779,50,Female,Finance,3,90251.82,1,3,3,5,No,3.57
2780,47,Male,R&D,20,39096.52,5,7,1,4,No,1.83
2781,46,Male,IT,21,140680.4,5,3,3,2,No,1.88
2782,33,Female,Sales,6,71991.09,1,5,2,4,No,1.85
2783,26,Male,Admin,13,125408.75,3,10,1,3,No,1
2784,55,Female,Sales,13,126443.31,5,6,2,5,No,1.84
2785,58,Female,HR,3,149455.95,5,6,1,5,No,2.01
2786,36,Female,R&D,15,154143.47,3,4,1,2,No,1.46
2787,57,Male,IT,23,112601.44,3,6,4,5,No,3.98
2788,36,Male,Finance,28,79578.55,1,3,2,3,No,2.58
2789,44,Female,Sales,21,170741.16,4,7,2,5,No,2.79
2790,27,Male,IT,29,75775.82,2,7,2,1,No,1.8
2791,42,Male,R&D,0,111351.64,4,4,1,4,No,1.23
2792,44,Male,HR,16,92225.46,4,2,2,3,No,1.49
2793,37,Male,Sales,24,173914.11,5,7,2,3,No,2.43
2794,36,Male,Admin,9,97745.34,3,3,4,4,No,1.96
2795,46,Male,IT,21,89497.85,5,1,3,4,No,2.24
2796,57,Male,Admin,15,144168.26,2,2,3,3,No,1.93
2797,32,Female,IT,15,128439.4,1,10,2,4,No,2.58
2798,36,Male,IT,25,39304.43,2,9,2,2,No,2.32
2799,25,Male,R&D,7,111470.39,5,8,2,4,No,2.28
2800,42,Male,R&D,28,152386.11,5,6,2,1,No,1.64
2801,34,Male,R&D,6,198573.46,5,6,3,1,No,1.19
2802,43,Male,Finance,27,133246.43,5,1,4,2,No,3.6
2803,40,Male,IT,5,86652.75,4,2,1,4,No,2.35
2804,55,Male,Sales,15,60707.29,1,4,2,1,No,1
2805,35,Male,Admin,19,177109.44,4,3,2,5,No,2.35
2806,25,Female,R&D,15,166621.74,5,1,3,4,No,3.4
2807,48,Male,R&D,6,62106.11,3,8,2,2,No,1.53
2808,50,Male,Admin,8,56113.78,4,7,4,4,No,2.3
2809,49,Male,Admin,13,148724.62,5,4,4,3,No,2.2
2810,56,Male,IT,10,76691.37,5,9,2,3,No,1.91
2811,29,Female,R&D,25,75151.78,1,4,3,1,No,2.27
2812,37,Female,Admin,25,47412.24,2,1,2,3,No,2.28
2813,57,Female,Finance,13,67515.59,4,10,2,2,No,1.57
2814,51,Female,Finance,6,96951.36,4,1,3,1,No,1
2815,39,Female,R&D,0,151910.9,4,1,4,2,No,1.48
2816,23,Female,Admin,25,80535.46,5,1,1,2,No,1.68
2817,34,Female,IT,24,79148.78,1,4,2,3,No,1.87
2818,25,Female,IT,12,71284.39,5,1,4,3,No,3.04
2819,47,Female,IT,19,106091.06,5,2,2,2,No,1.92
2820,46,Female,HR,30,52514.61,3,4,1,3,No,3.45
2821,51,Female,R&D,2,107413.53,1,7,3,3,No,1
2822,32,Female,IT,19,146751.6,4,2,4,3,No,1.93
2823,28,Female,Finance,3,25362.29,2,8,1,4,No,1.78
2824,52,Female,Admin,28,21760.29,4,7,2,2,No,2.37
2825,31,Female,Sales,25,33522.12,5,9,1,5,No,2.37
2826,34,Female,Sales,10,116418.81,1,6,4,2,No,2.47
2827,52,Male,IT,1,173801.91,1,4,3,1,No,1
2828,28,Female,Sales,13,20879.2,1,6,2,3,No,2.55
2829,57,Male,Sales,11,188599.03,3,4,3,3,No,2.01
2830,41,Female,HR,29,39130.13,4,7,3,5,No,3.02
2831,25,Female,Finance,16,171557.04,3,9,1,1,No,1
2832,28,Male,Finance,11,106913.86,2,3,1,4,No,2.64
2833,22,Female,HR,25,138684.33,5,3,4,2,No,2.5
2834,34,Male,HR,11,111922.94,3,2,4,4,No,3.04
2835,43,Male,Sales,0,105868.68,3,1,3,1,No,1.6
2836,42,Male,R&D,12,170281.9,5,1,4,5,No,2.86
2837,43,Female,Admin,13,156059.55,1,3,3,1,No,1.44
2838,49,Female,Admin,23,107012.4,5,7,2,5,No,2.85
2839,30,Female,Sales,29,40094.47,4,9,3,4,No,3.43
2840,47,Male,Admin,1,40772.53,5,2,4,4,No,2.8
2841,30,Male,HR,11,164277.1,1,7,4,1,No,1.04
2842,36,Female,Finance,25,115290.31,5,1,3,1,No,2.26
2843,31,Female,Admin,20,106686.05,3,2,1,3,No,2.19
2844,45,Female,Sales,27,142502.03,2,6,3,5,No,2.55
2845,29,Female,R&D,15,174591.49,3,5,3,3,No,1.81
2846,45,Female,Sales,3,133197.17,2,8,1,2,No,1
2847,37,Male,IT,7,157312.62,5,2,2,2,No,1.73
2848,47,Male,Sales,1,157748.69,4,1,1,1,Yes,1.02
2849,48,Male,HR,9,84127.06,5,7,4,4,No,1.51
2850,58,Female,Finance,8,69334.98,1,6,1,2,No,1.52
2851,25,Male,Finance,22,164209.53,5,8,4,2,No,2.75
2852,45,Male,Admin,14,87892.18,2,8,4,3,No,2.69
2853,40,Male,HR,12,182600.48,3,2,3,3,No,2.18
2854,57,Male,IT,22,32544.33,4,8,3,2,No,2.78
2855,31,Male,HR,16,30479.15,5,6,2,1,No,2.09
2856,46,Female,Sales,29,186860.75,5,9,4,3,No,2.33
2857,39,Male,HR,15,136721.88,3,7,3,2,No,1.93
2858,40,Female,HR,27,88327.88,4,2,4,4,No,3.22
2859,57,Female,IT,1,155910.87,5,8,2,3,No,1.06
2860,31,Female,Sales,19,141018.83,5,9,4,2,No,2.12
2861,54,Female,R&D,19,115616.19,2,7,2,5,No,2.94
2862,26,Female,R&D,26,37797.2,2,4,2,3,No,1.95
2863,56,Male,Finance,13,166192.33,1,9,2,5,No,2.89
2864,55,Male,Admin,2,175884.17,3,4,3,3,No,1.42
2865,54,Female,HR,22,50990.36,4,4,1,3,No,2.64
2866,42,Female,Finance,11,173092.1,5,9,1,5,No,1.94
2867,38,Female,IT,7,178012.52,5,8,3,1,No,1
2868,43,Male,R&D,1,118897.15,1,4,4,2,No,1
2869,58,Female,HR,3,138112.23,5,8,3,1,No,1
2870,36,Male,IT,13,88802.72,3,8,4,1,No,1.35
2871,56,Female,Admin,15,70722.5,1,7,2,2,No,1.97
2872,49,Male,IT,18,149956.97,3,10,3,4,No,3.22
2873,28,Female,HR,1,175137.53,1,6,1,1,Yes,1
2874,53,Male,Admin,11,137733.96,5,8,4,1,No,1.61
2875,32,Female,IT,28,112086.31,1,7,3,1,No,2.54
2876,31,Male,Admin,13,48606.46,2,5,3,4,No,2.43
2877,30,Male,HR,5,29622.57,4,4,4,3,No,1.96
2878,35,Male,HR,12,100224.52,5,2,2,5,No,2.35
2879,34,Male,Admin,3,28882.92,4,8,2,5,No,2.47
2880,46,Male,Sales,21,122480.23,5,9,2,4,No,1.37
2881,23,Male,Finance,17,88891.25,4,4,2,1,No,1
2882,56,Male,IT,11,156294.04,2,4,4,5,No,3.36
2883,28,Female,IT,19,75016.73,4,5,1,4,No,2.25
2884,42,Female,Sales,26,126736.89,1,2,3,2,No,2.96
2885,39,Female,Sales,21,116783.03,4,7,3,5,No,2.85
2886,24,Female,Sales,29,20848.24,5,5,2,2,No,3.29
2887,32,Female,R&D,20,33030.09,3,6,4,1,No,2.03
2888,45,Male,R&D,18,72266.28,4,4,1,5,No,2.82
2889,40,Male,Admin,7,178802.31,4,8,1,4,No,1.53
2890,25,Male,R&D,6,46462.69,4,8,3,3,No,1.35
2891,47,Male,HR,15,147960.98,5,5,2,5,No,1.78
2892,59,Male,Admin,18,195205.98,4,6,3,5,No,3.39
2893,53,Female,IT,5,162302.16,5,3,3,5,No,2.55
2894,57,Female,Finance,19,63730.17,5,1,1,5,No,2.7
2895,58,Female,HR,26,183505.75,3,9,4,4,No,2.73
2896,54,Female,IT,20,36759.29,1,9,1,4,No,3.11
2897,57,Male,IT,10,104265.55,5,3,3,3,No,2.05
2898,24,Male,Admin,4,179757.54,2,4,2,4,No,2.15
2899,30,Male,Sales,15,135427.83,4,7,2,4,No,2.35
2900,29,Female,Sales,6,94456.02,2,2,4,1,No,1
2901,54,Male,HR,26,72706.32,4,3,4,1,No,2.9
2902,27,Female,Sales,4,87517.89,3,6,4,2,No,1.83
2903,25,Male,IT,10,111609.52,5,8,3,3,No,1.91
2904,34,Male,Sales,14,77427.91,1,1,3,1,No,1.82
2905,23,Female,R&D,2,194414.22,5,4,4,3,No,2.21
2906,26,Male,Sales,25,187953.98,4,1,2,3,No,2.88
2907,48,Male,IT,4,176720.86,1,2,2,5,No,1.24
2908,53,Female,Admin,22,95929.37,5,8,2,3,No,1.65
2909,42,Male,HR,20,144434.32,1,6,3,5,No,3.47
2910,29,Female,Finance,4,182509.28,4,9,1,2,No,1
2911,59,Male,Sales,8,173077.31,3,2,2,2,No,1
2912,29,Male,IT,14,94578.86,3,3,2,2,No,1.89
2913,24,Male,Finance,2,40229.49,5,9,2,5,No,1.46
2914,24,Male,Finance,28,33613.47,2,9,4,5,No,3.46
2915,43,Male,R&D,5,123871.53,4,6,3,2,No,1.88
2916,27,Male,Finance,16,135673.03,5,3,4,5,No,2.34
2917,23,Male,Admin,25,172971.67,5,5,4,4,No,2.57
2918,44,Male,IT,20,72652.7,3,2,1,4,No,1.59
2919,23,Female,IT,7,50144.69,1,7,4,5,No,2.22
2920,59,Female,Sales,20,88221.05,4,10,1,5,No,2.74
2921,38,Male,Sales,24,83643.52,1,8,4,1,No,1.99
2922,56,Male,Sales,10,43844.41,4,6,2,1,No,1.95
2923,55,Female,Admin,5,141010.88,2,8,3,3,No,1.98
2924,44,Male,Finance,7,111564.55,3,2,4,3,No,2.04
2925,51,Male,Finance,9,149802.1,2,3,1,3,No,2.18
2926,29,Female,R&D,23,83484.4,5,7,3,2,No,1.68
2927,43,Male,Admin,28,78626.4,3,10,1,4,No,3.23
2928,57,Male,Sales,2,105063.65,5,1,2,2,No,1
2929,26,Female,HR,22,177933.32,2,7,4,5,No,3.17
2930,34,Male,R&D,13,27250.64,4,6,3,1,No,1.86
2931,50,Male,HR,22,164869.91,5,8,2,5,No,2.79
2932,52,Female,Finance,13,86417.77,1,7,4,5,No,3.04
2933,37,Male,R&D,9,173831.42,4,4,4,1,No,1.5
2934,51,Female,R&D,11,164396.54,4,3,1,5,No,2.4
2935,37,Male,IT,5,82777.02,2,3,1,3,No,1.1
2936,33,Male,Finance,11,144897.78,2,4,2,1,No,1.71
2937,38,Female,Finance,22,48733.9,3,9,1,5,No,1.78
2938,37,Female,Admin,13,181330.68,3,9,2,3,No,2.27
2939,33,Male,R&D,1,92808.39,1,2,2,3,No,1
2940,29,Female,Finance,8,102012.61,4,5,2,4,No,1.62
2941,41,Female,R&D,9,147036.63,1,1,1,3,No,1.81
2942,24,Male,Admin,25,167751.24,1,4,3,2,No,1.44
2943,37,Male,Admin,16,62541.69,2,2,2,1,No,1.58
2944,51,Male,IT,16,139043.03,1,8,3,1,No,1.01
2945,44,Female,R&D,2,90559.65,1,4,4,1,No,1
2946,49,Female,Finance,29,86366.53,5,5,1,5,No,2.64
2947,26,Female,Finance,30,144204.65,3,4,1,5,No,2.53
2948,41,Female,R&D,18,89692.99,3,5,3,2,No,1.24
2949,22,Male,R&D,0,82299.53,4,5,4,3,No,2.74
2950,51,Female,R&D,11,170459.91,3,5,4,5,No,2.76
2951,42,Male,Sales,6,38229.7,4,3,2,3,No,1
2952,41,Female,Finance,3,141660.67,5,7,1,3,No,1
2953,27,Male,Admin,9,64770.57,3,3,4,5,No,2.77
2954,43,Male,Finance,12,22789.68,5,2,4,5,No,2.71
2955,39,Male,Sales,1,50017.57,3,3,2,2,Yes,1
2956,29,Female,R&D,9,129199.08,3,3,2,4,No,1.6
2957,53,Male,IT,20,147642.89,5,8,3,1,No,2.49
2958,54,Male,R&D,21,23790.4,1,4,1,5,No,2.05
2959,37,Female,R&D,24,26556.58,1,3,4,5,No,2.5
2960,33,Male,Sales,3,182457.58,1,10,3,3,No,1.46
2961,59,Female,Finance,17,33195.05,1,5,1,4,No,1.28
2962,55,Female,R&D,4,180952.79,3,4,3,5,No,1.85
2963,35,Male,Finance,18,61069.86,2,9,1,4,No,1.67
2964,57,Male,HR,1,153203.2,5,8,1,1,Yes,1
2965,54,Female,Admin,11,75751.98,2,7,4,3,No,2.28
2966,44,Male,Finance,16,174575.36,2,8,1,2,No,1.73
2967,23,Female,IT,9,146081.88,4,5,2,1,No,1
2968,42,Female,Admin,1,92326.42,1,4,4,4,No,2
2969,23,Female,IT,5,33734.44,3,7,2,4,No,1.42
2970,48,Male,R&D,7,151886.03,1,1,3,1,No,1.45
2971,30,Female,Admin,28,131039.26,1,6,3,4,No,2.46
2972,22,Male,Finance,18,20524.11,2,8,1,2,No,1.78
2973,32,Male,Admin,10,21695.57,4,7,1,2,No,1.42
2974,24,Male,R&D,30,165582.74,1,2,2,4,No,4.27
2975,44,Male,Sales,24,66691.95,5,7,2,4,No,1.92
2976,47,Female,IT,30,134504.06,5,6,2,2,No,3.83
2977,25,Male,R&D,11,101758.6,1,5,3,4,No,2.73
2978,39,Female,Sales,8,175417.4,2,4,2,5,No,3.21
2979,27,Female,Admin,1,185053,2,1,4,3,No,2.2
2980,56,Male,Admin,7,199425.39,3,2,4,5,No,2.18
2981,43,Female,R&D,25,47663.14,4,7,3,4,No,3.38
2982,36,Female,Finance,10,175333.53,2,10,2,4,No,1.77
2983,43,Male,Admin,27,67883.85,3,3,2,3,No,2.61
2984,58,Female,Finance,20,126346.86,5,5,1,4,No,1.81
2985,33,Female,Finance,3,111039.11,5,8,4,3,No,1.51
2986,59,Female,Finance,9,23237.86,5,8,3,2,No,2.1
2987,39,Female,HR,20,187898.83,1,6,2,3,No,2.52
2988,56,Male,Sales,19,34098.87,4,5,1,3,No,2.56
2989,51,Female,Sales,15,143879.41,3,2,3,5,No,2.15
2990,45,Female,Admin,7,161301.23,4,9,3,4,No,1.21
2991,51,Female,Admin,3,163151.81,1,1,4,2,No,2.1
2992,35,Female,Finance,28,44389.01,3,2,2,1,No,2.61
2993,27,Male,HR,9,100562.59,3,1,3,3,No,2.06
2994,24,Female,Finance,11,169297.2,2,4,1,1,No,1.26
2995,37,Male,HR,28,74482.26,4,4,1,4,No,3.23
2996,28,Female,Finance,13,104194.76,4,5,3,3,No,2.24
2997,35,Male,IT,15,69102.9,2,5,1,1,No,1.52
2998,30,Male,IT,21,103439.26,5,8,3,5,No,3.56
2999,36,Male,R&D,17,179810.83,1,3,1,1,No,1.3
3000,42,Male,Finance,20,101922.36,4,6,3,5,No,2.93