,Subject_ID,Time,PPG,HR,HRV
0,1.0,0.0,-0.0048984370717622,,
1,1.0,0.01001001001001,0.0915070975771501,,
2,1.0,0.02002002002002,0.1784074149169905,,
3,1.0,0.03003003003003,0.2688254210888302,,
4,1.0,0.04004004004004,0.34778139799496,,
5,1.0,0.05005005005005,0.429291846300856,,
6,1.0,0.06006006006006,0.4973884799473809,,
7,1.0,0.07007007007007,0.5637762905374927,,
8,1.0,0.08008008008008,0.6274251678682283,,
9,1.0,0.09009009009009,0.6683055759012501,,
10,1.0,0.1001001001001,0.7062939127722488,,
11,1.0,0.1101101101101101,0.7463248891622609,,
12,1.0,0.1201201201201201,0.7621479154320663,,
13,1.0,0.1301301301301301,0.7742600620601624,,
14,1.0,0.1401401401401401,0.7720257189681106,,
15,1.0,0.1501501501501501,0.7705215720216363,,
16,1.0,0.1601601601601601,0.7646416051287761,,
17,1.0,0.1701701701701701,0.7436808744341394,,
18,1.0,0.1801801801801801,0.7144197963244064,,
19,1.0,0.1901901901901901,0.6680905833090561,,
20,1.0,0.2002002002002001,0.6353723891333116,,
21,1.0,0.2102102102102102,0.5944653147084755,,
22,1.0,0.2202202202202202,0.547030150457305,,
23,1.0,0.2302302302302302,0.4980927482504097,,
24,1.0,0.2402402402402402,0.4492800543953559,,
25,1.0,0.2502502502502503,0.4016589992951873,,
26,1.0,0.2602602602602603,0.3466317447870983,,
27,1.0,0.2702702702702703,0.290162494184959,,
28,1.0,0.2802802802802803,0.2583961466283564,,
29,1.0,0.2902902902902903,0.2044382593759131,,
30,1.0,0.3003003003003003,0.159024674682694,,
31,1.0,0.3103103103103103,0.1350595404092392,,
32,1.0,0.3203203203203203,0.0991925231161852,,
33,1.0,0.3303303303303303,0.0667047219500252,,
34,1.0,0.3403403403403403,0.0685044852548237,,
35,1.0,0.3503503503503503,0.0243533180717445,,
36,1.0,0.3603603603603603,0.0165065122339378,,
37,1.0,0.3703703703703703,0.0167956916858878,,
38,1.0,0.3803803803803803,0.007864592801726,,
39,1.0,0.3903903903903903,-0.0014276861070007,,
40,1.0,0.4004004004004003,0.0063555168659823,,
41,1.0,0.4104104104104104,0.004270920425507,,
42,1.0,0.4204204204204204,-0.0013899268396058,,
43,1.0,0.4304304304304304,-0.0021483229764214,,
44,1.0,0.4404404404404404,0.0049878889945224,,
45,1.0,0.4504504504504504,0.0002176721745003,,
46,1.0,0.4604604604604604,-0.0027593003645318,,
47,1.0,0.4704704704704704,-0.022228917422788,,
48,1.0,0.4804804804804805,-0.0315382748724678,,
49,1.0,0.4904904904904905,-0.0448934661390012,,
50,1.0,0.5005005005005005,-0.0747552497511391,,
51,1.0,0.5105105105105106,-0.0892301460826359,,
52,1.0,0.5205205205205206,-0.1302191667454412,,
53,1.0,0.5305305305305306,-0.1535265332254606,,
54,1.0,0.5405405405405406,-0.1884162770615896,,
55,1.0,0.5505505505505506,-0.2411587292118839,,
56,1.0,0.5605605605605606,-0.2661440707855766,,
57,1.0,0.5705705705705706,-0.3325800527001241,,
58,1.0,0.5805805805805806,-0.3769707976298643,,
59,1.0,0.5905905905905906,-0.4368501508212334,,
60,1.0,0.6006006006006006,-0.4827236148447606,,
61,1.0,0.6106106106106106,-0.5320780047925474,,
62,1.0,0.6206206206206206,-0.590023141080735,,
63,1.0,0.6306306306306306,-0.6276162263454177,,
64,1.0,0.6406406406406406,-0.6611652887933404,,
65,1.0,0.6506506506506506,-0.7000011594090358,,
66,1.0,0.6606606606606606,-0.7309455619227925,,
67,1.0,0.6706706706706707,-0.7510402588921933,,
68,1.0,0.6806806806806807,-0.776490442333187,,
69,1.0,0.6906906906906907,-0.7802540530477102,,
70,1.0,0.7007007007007007,-0.7718511971823958,,
71,1.0,0.7107107107107107,-0.76081889598413,,
72,1.0,0.7207207207207207,-0.7529394718539509,,
73,1.0,0.7307307307307307,-0.7228984936836854,,
74,1.0,0.7407407407407407,-0.6844971187814783,,
75,1.0,0.7507507507507507,-0.6301008176936682,,
76,1.0,0.7607607607607607,-0.5738952382086409,,
77,1.0,0.7707707707707707,-0.5150458763465198,,
78,1.0,0.7807807807807807,-0.4465158361708297,,
79,1.0,0.7907907907907907,-0.3717175368307187,,
80,1.0,0.8008008008008007,-0.2846390045137986,,
81,1.0,0.8108108108108109,-0.200169917849928,,
82,1.0,0.8208208208208209,-0.1098277284876477,,
83,1.0,0.8308308308308309,-0.0204686982588724,,
84,1.0,0.8408408408408409,0.0742672306493699,,
85,1.0,0.8508508508508509,0.1600305436628775,,
86,1.0,0.8608608608608609,0.2569461645251679,,
87,1.0,0.8708708708708709,0.327779213161333,,
88,1.0,0.8808808808808809,0.4078569737505362,,
89,1.0,0.8908908908908909,0.4875662566818798,,
90,1.0,0.9009009009009008,0.5490030538461842,,
91,1.0,0.9109109109109108,0.6128335390761387,,
92,1.0,0.9209209209209208,0.6596015143408109,,
93,1.0,0.9309309309309308,0.6971217897490355,,
94,1.0,0.9409409409409408,0.7327447781387496,,
95,1.0,0.950950950950951,0.7569587912109695,,
96,1.0,0.960960960960961,0.7743089825288055,,
97,1.0,0.970970970970971,0.7717567974434592,,
98,1.0,0.980980980980981,0.7751138015746416,,
99,1.0,0.990990990990991,0.7579836359530531,,
100,1.0,1.001001001001001,0.7540211116789144,,
101,1.0,1.011011011011011,0.7136712372038382,,
102,1.0,1.021021021021021,0.6882305811621203,,
103,1.0,1.031031031031031,0.6449126540702815,,
104,1.0,1.0410410410410411,0.5973484310238824,,
105,1.0,1.0510510510510511,0.5642298129081883,,
106,1.0,1.0610610610610611,0.5094817984771872,,
107,1.0,1.0710710710710711,0.4560412409746073,,
108,1.0,1.0810810810810811,0.4044828805517559,,
109,1.0,1.0910910910910911,0.3443402847884718,,
110,1.0,1.1011011011011012,0.3084020456360857,,
111,1.0,1.1111111111111112,0.2549788353914877,,
112,1.0,1.1211211211211212,0.2066579193928077,,
113,1.0,1.1311311311311312,0.1688020135693488,,
114,1.0,1.1411411411411412,0.1515779427892689,,
115,1.0,1.1511511511511512,0.1097213846732796,,
116,1.0,1.1611611611611612,0.076998572344225,,
117,1.0,1.1711711711711712,0.0609331976005836,,
118,1.0,1.1811811811811812,0.0409434058510654,,
119,1.0,1.1911911911911912,0.0280028030867822,,
120,1.0,1.2012012012012012,0.0106275674861578,,
121,1.0,1.2112112112112112,0.009868614868195,,
122,1.0,1.2212212212212212,0.0080896953107212,,
123,1.0,1.2312312312312312,-0.0021450161261337,,
124,1.0,1.2412412412412412,-0.0067506251042627,,
125,1.0,1.2512512512512513,0.0058192591664665,,
126,1.0,1.2612612612612613,0.0050531720314819,,
127,1.0,1.2712712712712713,0.0012838859497096,,
128,1.0,1.2812812812812813,-0.0085549091112527,,
129,1.0,1.2912912912912913,-0.0121740952290116,,
130,1.0,1.3013013013013013,-0.0205289166592159,,
131,1.0,1.3113113113113113,-0.0227731928417923,,
132,1.0,1.3213213213213213,-0.0527075328362656,,
133,1.0,1.3313313313313313,-0.0528890567104986,,
134,1.0,1.3413413413413413,-0.0855819269148076,,
135,1.0,1.351351351351351,-0.1103971855077873,,
136,1.0,1.361361361361361,-0.1444240682603293,,
137,1.0,1.371371371371371,-0.1802907337445421,,
138,1.0,1.3813813813813811,-0.2344567065334783,,
139,1.0,1.3913913913913911,-0.2655009258708272,,
140,1.0,1.4014014014014011,-0.3233593725910436,,
141,1.0,1.4114114114114114,-0.3602997702785149,,
142,1.0,1.4214214214214214,-0.4169924555711026,,
143,1.0,1.4314314314314314,-0.4731086664136294,,
144,1.0,1.4414414414414414,-0.5163452124707838,,
145,1.0,1.4514514514514514,-0.5685771710145732,,
146,1.0,1.4614614614614614,-0.6112423753619484,,
147,1.0,1.4714714714714714,-0.6525606111339032,,
148,1.0,1.4814814814814814,-0.6892474153008104,,
149,1.0,1.4914914914914914,-0.731492188215071,,
150,1.0,1.5015015015015014,-0.7563607829861475,,
151,1.0,1.5115115115115114,-0.7607914078878515,,
152,1.0,1.5215215215215214,-0.781756094758005,,
153,1.0,1.5315315315315314,-0.7780388194334263,,
154,1.0,1.5415415415415414,-0.7730045488273616,,
155,1.0,1.5515515515515514,-0.7578761304539829,,
156,1.0,1.5615615615615617,-0.7269680597415066,,
157,1.0,1.5715715715715717,-0.6881888027105807,,
158,1.0,1.5815815815815817,-0.6475105772690775,,
159,1.0,1.5915915915915917,-0.5953925036591244,,
160,1.0,1.6016016016016017,-0.52950389791845,,
161,1.0,1.6116116116116117,-0.4589752003557634,,
162,1.0,1.6216216216216215,-0.3987455300629525,,
163,1.0,1.6316316316316315,-0.3035619786406854,,
164,1.0,1.6416416416416415,-0.2173385552419028,,
165,1.0,1.6516516516516515,-0.130613685483897,,
166,1.0,1.6616616616616615,-0.0519822186264409,,
167,1.0,1.6716716716716715,0.0429546758887951,,
168,1.0,1.6816816816816818,0.14134554121401,,
169,1.0,1.6916916916916918,0.2256440889754697,,
170,1.0,1.7017017017017018,0.3169001279643683,,
171,1.0,1.7117117117117118,0.3983236123312939,,
172,1.0,1.7217217217217218,0.4634830403890567,,
173,1.0,1.7317317317317318,0.5260852054497435,,
174,1.0,1.7417417417417418,0.5885658056669131,,
175,1.0,1.7517517517517518,0.6497017097572582,,
176,1.0,1.7617617617617618,0.6855859552784237,,
177,1.0,1.7717717717717718,0.7266818627004256,,
178,1.0,1.7817817817817818,0.7515300334308658,,
179,1.0,1.7917917917917918,0.7681982107346191,,
180,1.0,1.8018018018018016,0.7839944818115022,,
181,1.0,1.811811811811812,0.7747950847415028,,
182,1.0,1.8218218218218216,0.7630157371077735,,
183,1.0,1.831831831831832,0.747995500285737,,
184,1.0,1.8418418418418416,0.7265824316775259,,
185,1.0,1.851851851851852,0.6868203978704869,,
186,1.0,1.8618618618618616,0.6566790836499222,,
187,1.0,1.871871871871872,0.6128635452688135,,
188,1.0,1.8818818818818817,0.5754341226747121,,
189,1.0,1.891891891891892,0.5096287302854932,,
190,1.0,1.901901901901902,0.4673523048080212,,
191,1.0,1.911911911911912,0.4182220994534636,,
192,1.0,1.921921921921922,0.3636270463329377,,
193,1.0,1.931931931931932,0.3273420909708914,,
194,1.0,1.941941941941942,0.268200419655211,,
195,1.0,1.951951951951952,0.2220730103627395,,
196,1.0,1.961961961961962,0.1881616798860987,,
197,1.0,1.971971971971972,0.1547509214064129,,
198,1.0,1.981981981981982,0.1065300341226834,,
199,1.0,1.991991991991992,0.0853485725530212,,
200,1.0,2.002002002002002,0.0639746900501943,,
201,1.0,2.012012012012012,0.0402756814078807,,
202,1.0,2.022022022022022,0.0276497846337224,,
203,1.0,2.032032032032032,0.0060035506525109,,
204,1.0,2.042042042042042,0.0079630830405788,,
205,1.0,2.052052052052052,0.0003909028438246,,
206,1.0,2.062062062062062,0.0009010345346707,,
207,1.0,2.072072072072072,0.0016789746651937,,
208,1.0,2.0820820820820822,0.0089478085004639,,
209,1.0,2.092092092092092,-0.001544870625619,,
210,1.0,2.1021021021021022,-0.0026718554832197,,
211,1.0,2.112112112112112,-0.0003080922563416,,
212,1.0,2.1221221221221223,-0.0013927614084966,,
213,1.0,2.1321321321321323,-0.0139420904042593,,
214,1.0,2.1421421421421423,-0.0282421516952332,,
215,1.0,2.1521521521521523,-0.0406601277724099,,
216,1.0,2.1621621621621623,-0.0496466595115606,,
217,1.0,2.1721721721721723,-0.0822376002682057,,
218,1.0,2.1821821821821823,-0.1161483134215262,,
219,1.0,2.1921921921921923,-0.1463799490370806,,
220,1.0,2.2022022022022023,-0.1646638244416813,,
221,1.0,2.2122122122122123,-0.2202398936091303,,
222,1.0,2.2222222222222223,-0.2639287817710327,,
223,1.0,2.2322322322322323,-0.3023554023884557,,
224,1.0,2.2422422422422423,-0.3499208671716507,,
225,1.0,2.2522522522522523,-0.4059179674691481,,
226,1.0,2.2622622622622623,-0.4508349770060985,,
227,1.0,2.2722722722722724,-0.5073918111549394,,
228,1.0,2.2822822822822824,-0.5579992693458748,,
229,1.0,2.2922922922922924,-0.6086585466104731,,
230,1.0,2.3023023023023024,-0.6496295914953323,,
231,1.0,2.3123123123123124,-0.6832988102635305,,
232,1.0,2.3223223223223224,-0.7122943970368375,,
233,1.0,2.3323323323323324,-0.7608686460471744,,
234,1.0,2.3423423423423424,-0.7588379828429146,,
235,1.0,2.3523523523523524,-0.7766907970295326,,
236,1.0,2.3623623623623624,-0.7834025326714696,,
237,1.0,2.3723723723723724,-0.7721086054420283,,
238,1.0,2.3823823823823824,-0.7536979703499841,,
239,1.0,2.3923923923923924,-0.7317979127785086,,
240,1.0,2.4024024024024024,-0.705870079653874,,
241,1.0,2.4124124124124124,-0.6640589946096027,,
242,1.0,2.4224224224224224,-0.6148270378892954,,
243,1.0,2.4324324324324325,-0.5494421507857912,,
244,1.0,2.4424424424424425,-0.4802009997028335,,
245,1.0,2.4524524524524525,-0.4128506913049823,,
246,1.0,2.4624624624624625,-0.3350140437163929,,
247,1.0,2.4724724724724725,-0.2413294368628382,,
248,1.0,2.4824824824824825,-0.1576518459652371,,
249,1.0,2.4924924924924925,-0.0715135688794649,,
250,1.0,2.5025025025025025,0.0277214677494276,,
251,1.0,2.5125125125125125,0.1236866382770181,,
252,1.0,2.5225225225225225,0.2019580868509645,,
253,1.0,2.5325325325325325,0.2863824056632071,,
254,1.0,2.5425425425425425,0.3613290988532301,,
255,1.0,2.5525525525525525,0.4470791984120829,,
256,1.0,2.5625625625625625,0.5131952935907843,,
257,1.0,2.5725725725725725,0.5800802814548659,,
258,1.0,2.5825825825825826,0.6301095891726528,,
259,1.0,2.592592592592593,0.6847450293548821,,
260,1.0,2.6026026026026026,0.7162382036695503,,
261,1.0,2.612612612612613,0.7459207599801615,,
262,1.0,2.6226226226226226,0.7724357623825944,,
263,1.0,2.6326326326326326,0.7709118409614514,,
264,1.0,2.6426426426426426,0.7827942246502373,,
265,1.0,2.6526526526526526,0.7693522727399119,,
266,1.0,2.6626626626626626,0.7465451411002115,,
267,1.0,2.6726726726726726,0.7374354450412458,,
268,1.0,2.6826826826826826,0.7008832888949927,,
269,1.0,2.6926926926926926,0.6657243697619857,,
270,1.0,2.702702702702702,0.6174637670885139,,
271,1.0,2.7127127127127126,0.5802917994416966,,
272,1.0,2.722722722722722,0.527029268163171,,
273,1.0,2.7327327327327327,0.4853459394028909,,
274,1.0,2.7427427427427427,0.4259909558067637,,
275,1.0,2.7527527527527527,0.3867312866176771,,
276,1.0,2.7627627627627627,0.3309991362417436,,
277,1.0,2.7727727727727727,0.2900128859526501,,
278,1.0,2.7827827827827827,0.231802193940476,,
279,1.0,2.7927927927927927,0.196526489163895,,
280,1.0,2.8028028028028027,0.1629486640898105,,
281,1.0,2.8128128128128127,0.1194828112815349,,
282,1.0,2.8228228228228227,0.0892374535855131,,
283,1.0,2.8328328328328327,0.0686243731136037,,
284,1.0,2.8428428428428427,0.0386530747128215,,
285,1.0,2.8528528528528527,0.0335236463569511,,
286,1.0,2.8628628628628627,0.0238815079429967,,
287,1.0,2.8728728728728727,0.004906814973766,,
288,1.0,2.8828828828828827,-0.001221476841403,,
289,1.0,2.8928928928928928,0.0013981404525112,,
290,1.0,2.9029029029029028,0.0099389925174542,,
291,1.0,2.9129129129129128,0.0067654410593005,,
292,1.0,2.9229229229229228,-0.002945674329479,,
293,1.0,2.932932932932933,-0.0006075717647334,,
294,1.0,2.942942942942943,-0.0049742383980673,,
295,1.0,2.952952952952953,-0.0135791127650372,,
296,1.0,2.962962962962963,-0.0023606749737831,,
297,1.0,2.972972972972973,-0.0199130770758845,,
298,1.0,2.982982982982983,-0.0336349816896026,,
299,1.0,2.992992992992993,-0.0512983598189496,,
300,1.0,3.003003003003003,-0.0787524204940364,,
301,1.0,3.013013013013013,-0.0992370764898638,,
302,1.0,3.023023023023023,-0.1312394417230727,,
303,1.0,3.033033033033033,-0.1750777660938361,,
304,1.0,3.043043043043043,-0.2040565086258032,,
305,1.0,3.053053053053053,-0.2505482711526909,,
306,1.0,3.063063063063063,-0.2988808615370665,,
307,1.0,3.073073073073073,-0.3401131129843473,,
308,1.0,3.083083083083083,-0.3955751198634195,,
309,1.0,3.093093093093093,-0.4480797595817679,,
310,1.0,3.103103103103103,-0.4911080242803385,,
311,1.0,3.113113113113113,-0.5491780664759786,,
312,1.0,3.123123123123123,-0.5872420238759634,,
313,1.0,3.133133133133133,-0.6395863018761415,,
314,1.0,3.143143143143143,-0.6740379631631668,,
315,1.0,3.153153153153153,-0.7196535559372387,,
316,1.0,3.163163163163163,-0.7411422858662415,,
317,1.0,3.173173173173173,-0.7596017951897089,,
318,1.0,3.183183183183183,-0.77864039631843,,
319,1.0,3.193193193193193,-0.7758538122172712,,
320,1.0,3.203203203203203,-0.7744493509691189,,
321,1.0,3.2132132132132134,-0.762873988495038,,
322,1.0,3.2232232232232234,-0.7429756967656337,,
323,1.0,3.2332332332332334,-0.7094211672743093,,
324,1.0,3.2432432432432434,-0.6626734683442661,,
325,1.0,3.253253253253253,-0.6133791716584681,,
326,1.0,3.2632632632632634,-0.5616969951654663,,
327,1.0,3.273273273273273,-0.4927734913392653,,
328,1.0,3.2832832832832834,-0.4312842560468963,,
329,1.0,3.293293293293293,-0.3448706890227605,,
330,1.0,3.3033033033033035,-0.2701780189603361,,
331,1.0,3.313313313313313,-0.1795149625909176,,
332,1.0,3.3233233233233235,-0.0903225218449298,,
333,1.0,3.333333333333333,0.0052527160049746,,
334,1.0,3.3433433433433435,0.0914778240627904,,
335,1.0,3.353353353353353,0.1734232056865773,,
336,1.0,3.3633633633633635,0.2653946803659446,,
337,1.0,3.373373373373373,0.3483619796558346,,
338,1.0,3.3833833833833835,0.4330380077919084,,
339,1.0,3.393393393393393,0.5043237107005979,,
340,1.0,3.4034034034034035,0.5682039888938495,,
341,1.0,3.413413413413413,0.6233146966072695,,
342,1.0,3.4234234234234235,0.6662735827528576,,
343,1.0,3.433433433433433,0.7172757084796955,,
344,1.0,3.443443443443444,0.7278008345796612,,
345,1.0,3.4534534534534536,0.7644314097095057,,
346,1.0,3.463463463463464,0.777806164805778,,
347,1.0,3.4734734734734736,0.776780736303254,,
348,1.0,3.483483483483484,0.7827414958636862,,
349,1.0,3.4934934934934936,0.7644516775203932,,
350,1.0,3.503503503503504,0.7359305910690646,,
351,1.0,3.5135135135135136,0.7147052244267363,,
352,1.0,3.523523523523524,0.6741148165813632,,
353,1.0,3.5335335335335336,0.6245170114909039,,
354,1.0,3.543543543543544,0.5924727947289878,,
355,1.0,3.5535535535535536,0.5434564548664435,,
356,1.0,3.563563563563564,0.4941415192456576,,
357,1.0,3.5735735735735736,0.4410741278705263,,
358,1.0,3.583583583583584,0.3928679746116706,,
359,1.0,3.5935935935935936,0.3413145416733833,,
360,1.0,3.603603603603604,0.2985040613303453,,
361,1.0,3.6136136136136137,0.2602207142856575,,
362,1.0,3.623623623623624,0.2101850563406892,,
363,1.0,3.6336336336336337,0.1628698730426032,,
364,1.0,3.643643643643644,0.1260717174925637,,
365,1.0,3.6536536536536537,0.092267612228943,,
366,1.0,3.663663663663664,0.0692298694829409,,
367,1.0,3.6736736736736737,0.0413339483029523,,
368,1.0,3.683683683683684,0.0423419097191404,,
369,1.0,3.6936936936936937,0.0162537081175909,,
370,1.0,3.703703703703704,0.0103932945925563,,
371,1.0,3.7137137137137137,0.0020305959355593,,
372,1.0,3.723723723723724,0.0008493141208503,,
373,1.0,3.7337337337337337,-0.0029381561627879,,
374,1.0,3.743743743743744,-0.0002067443895195,,
375,1.0,3.7537537537537538,-0.0077719495824848,,
376,1.0,3.763763763763764,-0.0008044730508278,,
377,1.0,3.7737737737737738,-0.0016744501370445,,
378,1.0,3.783783783783784,-0.0065923108847548,,
379,1.0,3.793793793793794,-0.0138391056218976,,
380,1.0,3.803803803803804,-0.0277617578048825,,
381,1.0,3.813813813813814,-0.0325139925080437,,
382,1.0,3.823823823823824,-0.0460933715774405,,
383,1.0,3.833833833833834,-0.0712752011841439,,
384,1.0,3.843843843843844,-0.0997623268980735,,
385,1.0,3.853853853853854,-0.1172929231459429,,
386,1.0,3.863863863863864,-0.1647097529376358,,
387,1.0,3.873873873873874,-0.1940914811776811,,
388,1.0,3.883883883883884,-0.2368970653536109,,
389,1.0,3.893893893893894,-0.2823291393988111,,
390,1.0,3.903903903903904,-0.337516262102922,,
391,1.0,3.913913913913914,-0.385093185518878,,
392,1.0,3.923923923923924,-0.4301463045050606,,
393,1.0,3.933933933933934,-0.4802535947284262,,
394,1.0,3.943943943943944,-0.5278909795820207,,
395,1.0,3.953953953953954,-0.5891814852286505,,
396,1.0,3.963963963963964,-0.625181475815149,,
397,1.0,3.973973973973974,-0.6624064092317916,,
398,1.0,3.983983983983984,-0.7062160287105849,,
399,1.0,3.993993993993994,-0.7278699434649671,,
400,1.0,4.004004004004004,-0.7547937842431984,,
401,1.0,4.014014014014014,-0.7738432341099034,,
402,1.0,4.024024024024024,-0.7820467004762517,,
403,1.0,4.034034034034034,-0.7787742662781131,,
404,1.0,4.044044044044044,-0.7717378160050296,,
405,1.0,4.054054054054054,-0.7481502820767999,,
406,1.0,4.064064064064064,-0.713138968893672,,
407,1.0,4.074074074074074,-0.6858783739046921,,
408,1.0,4.084084084084084,-0.6421242645404235,,
409,1.0,4.094094094094094,-0.5804781748771776,,
410,1.0,4.104104104104104,-0.5235660997660365,,
411,1.0,4.114114114114114,-0.4470068433337981,,
412,1.0,4.124124124124124,-0.3758946672358061,,
413,1.0,4.134134134134134,-0.288709933212919,,
414,1.0,4.144144144144144,-0.200266997807372,,
415,1.0,4.1541541541541545,-0.1019630988288589,,
416,1.0,4.1641641641641645,-0.0240637087306575,,
417,1.0,4.174174174174175,0.0716316601916597,,
418,1.0,4.1841841841841845,0.1583410237337796,,
419,1.0,4.1941941941941945,0.2452979532599727,,
420,1.0,4.2042042042042045,0.3304688730381258,,
421,1.0,4.214214214214215,0.4016303551335382,,
422,1.0,4.2242242242242245,0.4796369935218016,,
423,1.0,4.2342342342342345,0.5448580132387195,,
424,1.0,4.2442442442442445,0.6016078848135682,,
425,1.0,4.254254254254255,0.655804238729484,,
426,1.0,4.2642642642642645,0.6953207884552396,,
427,1.0,4.2742742742742745,0.7242202203401948,,
428,1.0,4.2842842842842845,0.760671647507212,,
429,1.0,4.294294294294295,0.7763845305760408,,
430,1.0,4.3043043043043046,0.7876577032157663,,
431,1.0,4.314314314314315,0.7772484049745634,,
432,1.0,4.324324324324325,0.7717772953246658,,
433,1.0,4.334334334334335,0.7404952660305938,,
434,1.0,4.344344344344345,0.7176236511045171,,
435,1.0,4.354354354354355,0.6821596040390798,,
436,1.0,4.364364364364365,0.639489415300427,,
437,1.0,4.374374374374375,0.5974800262256275,,
438,1.0,4.384384384384385,0.5537327001189944,,
439,1.0,4.394394394394395,0.5050096167732716,,
440,1.0,4.404404404404405,0.4590261374265917,,
441,1.0,4.414414414414415,0.4180490510646277,,
442,1.0,4.424424424424425,0.3531425791342164,,
443,1.0,4.434434434434435,0.3004095814691938,,
444,1.0,4.444444444444445,0.2583145056225572,,
445,1.0,4.454454454454455,0.2102794259580089,,
446,1.0,4.464464464464465,0.1723264591113927,,
447,1.0,4.474474474474475,0.1381079159327996,,
448,1.0,4.484484484484485,0.1082017160291572,,
449,1.0,4.494494494494495,0.08598880115006,,
450,1.0,4.504504504504505,0.0517892493489724,,
451,1.0,4.514514514514515,0.0344439490269483,,
452,1.0,4.524524524524525,0.0275389400964562,,
453,1.0,4.534534534534535,0.0172182404158314,,
454,1.0,4.544544544544545,0.0066545187402486,,
455,1.0,4.554554554554555,-0.0014249492634535,,
456,1.0,4.564564564564565,0.0004175455985495,,
457,1.0,4.574574574574575,0.0073658839213018,,
458,1.0,4.584584584584585,-0.0021523004978679,,
459,1.0,4.594594594594595,0.001256956869919,,
460,1.0,4.604604604604605,-0.0016355050676347,,
461,1.0,4.614614614614615,-0.0003348961406284,,
462,1.0,4.624624624624625,-0.0075749986670509,,
463,1.0,4.634634634634635,-0.0232744522378277,,
464,1.0,4.644644644644645,-0.029498077045122,,
465,1.0,4.654654654654655,-0.0462142020834269,,
466,1.0,4.664664664664665,-0.0633117246059854,,
467,1.0,4.674674674674675,-0.0779402811884423,,
468,1.0,4.684684684684685,-0.1117711752546839,,
469,1.0,4.694694694694695,-0.1506542538274881,,
470,1.0,4.704704704704705,-0.1847103261135893,,
471,1.0,4.714714714714715,-0.2263108493353181,,
472,1.0,4.724724724724725,-0.272755629108283,,
473,1.0,4.734734734734735,-0.3266197251290612,,
474,1.0,4.744744744744745,-0.3684882295802431,,
475,1.0,4.754754754754755,-0.417204759932008,,
476,1.0,4.764764764764765,-0.4765761055372278,,
477,1.0,4.774774774774775,-0.5229923031641404,,
478,1.0,4.784784784784785,-0.5706016837514537,,
479,1.0,4.794794794794795,-0.6117869717299789,,
480,1.0,4.804804804804805,-0.6485521060424707,,
481,1.0,4.814814814814815,-0.6974488264281529,,
482,1.0,4.824824824824825,-0.7286831526713031,,
483,1.0,4.834834834834835,-0.743367812903467,,
484,1.0,4.844844844844845,-0.7658455078198143,,
485,1.0,4.854854854854855,-0.7771173268010262,,
486,1.0,4.864864864864865,-0.7814107506737882,,
487,1.0,4.874874874874875,-0.7701764839079783,,
488,1.0,4.884884884884885,-0.7412726323006462,,
489,1.0,4.894894894894895,-0.7292678048641409,,
490,1.0,4.904904904904905,-0.6876594151852636,,
491,1.0,4.914914914914915,-0.6683178610068253,,
492,1.0,4.924924924924925,-0.5982176616790199,,
493,1.0,4.934934934934935,-0.529698116595115,,
494,1.0,4.944944944944945,-0.4690602036719702,,
495,1.0,4.954954954954955,-0.3849596334239847,,
496,1.0,4.964964964964965,-0.3115182346942631,,
497,1.0,4.974974974974975,-0.2130832233802494,,
498,1.0,4.984984984984985,-0.1294474811904263,,
499,1.0,4.994994994994995,-0.0493915938328258,,
500,1.0,5.005005005005005,0.0483786204062271,,
501,1.0,5.015015015015015,0.118588620972899,,
502,1.0,5.025025025025025,0.2219663255978961,,
503,1.0,5.035035035035035,0.3005248099066173,,
504,1.0,5.045045045045045,0.3838545925014827,,
505,1.0,5.055055055055055,0.4721324951972874,,
506,1.0,5.065065065065065,0.5428426287298529,,
507,1.0,5.075075075075075,0.5917058420315247,,
508,1.0,5.085085085085085,0.6468098701116856,,
509,1.0,5.095095095095095,0.6953129335130024,,
510,1.0,5.105105105105105,0.7331382669084815,,
511,1.0,5.115115115115115,0.7542529632186312,,
512,1.0,5.125125125125125,0.7642375525294998,,
513,1.0,5.135135135135135,0.7785080213427782,,
514,1.0,5.145145145145145,0.7815410362419424,,
515,1.0,5.155155155155155,0.7741463164494105,,
516,1.0,5.165165165165165,0.7619558994781959,,
517,1.0,5.175175175175175,0.719507283722997,,
518,1.0,5.185185185185185,0.6904734801741422,,
519,1.0,5.195195195195195,0.6500492469632241,,
520,1.0,5.205205205205205,0.6075432643033782,,
521,1.0,5.215215215215215,0.5721740447113189,,
522,1.0,5.225225225225225,0.5223969191550091,,
523,1.0,5.235235235235235,0.4631708226437293,,
524,1.0,5.245245245245245,0.4161522260115936,,
525,1.0,5.255255255255255,0.3662447388102317,,
526,1.0,5.265265265265265,0.3199570275881971,,
527,1.0,5.275275275275275,0.273687050942238,,
528,1.0,5.285285285285285,0.2200876757785428,,
529,1.0,5.295295295295295,0.1961351111332621,,
530,1.0,5.305305305305305,0.1511322546690845,,
531,1.0,5.315315315315315,0.121314400774626,,
532,1.0,5.325325325325325,0.094289061232314,,
533,1.0,5.335335335335335,0.0549126740986402,,
534,1.0,5.345345345345345,0.0374077517179749,,
535,1.0,5.355355355355355,0.0345977811910825,,
536,1.0,5.365365365365365,0.0201985762595072,,
537,1.0,5.375375375375375,0.0075985341273815,,
538,1.0,5.385385385385385,0.0113014959047788,,
539,1.0,5.395395395395395,-0.004148921819186,,
540,1.0,5.405405405405405,0.0021419209275794,,
541,1.0,5.415415415415415,0.0047476246397262,,
542,1.0,5.425425425425425,-0.0038833225510105,,
543,1.0,5.435435435435435,-0.009026119277971,,
544,1.0,5.445445445445445,-0.0013773056527446,,
545,1.0,5.455455455455455,-0.0111628076349535,,
546,1.0,5.465465465465465,-0.0130114134178089,,
547,1.0,5.475475475475475,-0.0312247440137947,,
548,1.0,5.485485485485485,-0.0436286329684524,,
549,1.0,5.495495495495495,-0.0620264045664357,,
550,1.0,5.505505505505505,-0.0742681344880366,,
551,1.0,5.515515515515515,-0.103214011617577,,
552,1.0,5.525525525525525,-0.1379164498611806,,
553,1.0,5.535535535535535,-0.1764032912498655,,
554,1.0,5.545545545545545,-0.2144133118888092,,
555,1.0,5.555555555555555,-0.2636296839404791,,
556,1.0,5.565565565565565,-0.3049900830471981,,
557,1.0,5.575575575575575,-0.3640932320222977,,
558,1.0,5.585585585585585,-0.4136668550251319,,
559,1.0,5.595595595595595,-0.4530800857009847,,
560,1.0,5.605605605605605,-0.5057451824083112,,
561,1.0,5.615615615615615,-0.5495657896963582,,
562,1.0,5.625625625625625,-0.6042380458849703,,
563,1.0,5.635635635635635,-0.64403760002895,,
564,1.0,5.645645645645645,-0.6800308334653349,,
565,1.0,5.655655655655655,-0.7183933826784809,,
566,1.0,5.665665665665665,-0.7466828020625174,,
567,1.0,5.675675675675675,-0.7679020461036521,,
568,1.0,5.685685685685685,-0.7850027435877781,,
569,1.0,5.695695695695696,-0.7764951151896455,,
570,1.0,5.7057057057057055,-0.7678739338358174,,
571,1.0,5.715715715715716,-0.7550452925278228,,
572,1.0,5.7257257257257255,-0.7220663580559696,,
573,1.0,5.735735735735736,-0.697723263988444,,
574,1.0,5.7457457457457455,-0.6588173915779507,,
575,1.0,5.755755755755756,-0.6082525801626382,,
576,1.0,5.7657657657657655,-0.5519433009241883,,
577,1.0,5.775775775775776,-0.4760686795122985,,
578,1.0,5.7857857857857855,-0.4025501508752614,,
579,1.0,5.795795795795796,-0.3278945040282174,,
580,1.0,5.8058058058058055,-0.2469171231258183,,
581,1.0,5.815815815815816,-0.1557483841552588,,
582,1.0,5.8258258258258255,-0.0700234037722195,,
583,1.0,5.835835835835836,0.0197695819249533,,
584,1.0,5.8458458458458455,0.1094323067437676,,
585,1.0,5.855855855855856,0.1978196666276681,,
586,1.0,5.865865865865866,0.285908924841091,,
587,1.0,5.875875875875876,0.3676357140197435,,
588,1.0,5.885885885885886,0.4434658477089367,,
589,1.0,5.895895895895896,0.5162225455351469,,
590,1.0,5.905905905905906,0.5823825137632013,,
591,1.0,5.915915915915916,0.6422308593325329,,
592,1.0,5.925925925925926,0.6843478242582841,,
593,1.0,5.935935935935936,0.715791917165206,,
594,1.0,5.945945945945946,0.7485249169472739,,
595,1.0,5.955955955955956,0.7800244606362295,,
596,1.0,5.965965965965966,0.7737788686350443,,
597,1.0,5.975975975975976,0.7861836632852814,,
598,1.0,5.985985985985986,0.7726558277576407,,
599,1.0,5.995995995995996,0.7629904190129505,,
600,1.0,6.006006006006006,0.7328311780299905,,
601,1.0,6.016016016016016,0.6985296271721972,,
602,1.0,6.026026026026026,0.6669644999847139,,
603,1.0,6.036036036036036,0.6283382408416058,,
604,1.0,6.046046046046046,0.5828873085710907,,
605,1.0,6.056056056056056,0.5342998548359558,,
606,1.0,6.066066066066066,0.4749600952619317,,
607,1.0,6.076076076076076,0.4342610103984978,,
608,1.0,6.086086086086086,0.3874151862439772,,
609,1.0,6.096096096096096,0.3376950075675002,,
610,1.0,6.106106106106106,0.2797389741410307,,
611,1.0,6.116116116116116,0.2362243595315471,,
612,1.0,6.126126126126126,0.1937316823508667,,
613,1.0,6.136136136136136,0.149616019681865,,
614,1.0,6.146146146146146,0.1259281627139687,,
615,1.0,6.156156156156156,0.0909024950591432,,
616,1.0,6.166166166166166,0.0672548348830597,,
617,1.0,6.176176176176176,0.0480430887985147,,
618,1.0,6.186186186186186,0.0276938566199644,,
619,1.0,6.196196196196196,0.02787226963903,,
620,1.0,6.206206206206206,0.0131618841451906,,
621,1.0,6.216216216216216,0.0092050356283964,,
622,1.0,6.226226226226226,-0.0033138422670634,,
623,1.0,6.236236236236236,0.0038175205662129,,
624,1.0,6.246246246246246,-0.0068686966043947,,
625,1.0,6.256256256256256,0.006377513799384,,
626,1.0,6.266266266266266,-0.0050883586779873,,
627,1.0,6.276276276276276,-0.011316018628526,,
628,1.0,6.286286286286286,-0.005316406894305,,
629,1.0,6.296296296296296,-0.0072671750677144,,
630,1.0,6.306306306306306,-0.0212907649122086,,
631,1.0,6.316316316316316,-0.0362367968458529,,
632,1.0,6.326326326326326,-0.0455138835804936,,
633,1.0,6.336336336336336,-0.062320699998084,,
634,1.0,6.346346346346346,-0.0937291548900924,,
635,1.0,6.356356356356356,-0.1408151777031617,,
636,1.0,6.366366366366366,-0.1668899920829664,,
637,1.0,6.376376376376376,-0.21131125396699,,
638,1.0,6.386386386386386,-0.2496933088365636,,
639,1.0,6.396396396396396,-0.2935732853972284,,
640,1.0,6.406406406406406,-0.3375187852953097,,
641,1.0,6.416416416416417,-0.3959609212118541,,
642,1.0,6.426426426426427,-0.440405603470025,,
643,1.0,6.436436436436437,-0.4985000623203606,,
644,1.0,6.446446446446447,-0.5396631907407278,,
645,1.0,6.456456456456457,-0.5892459395450641,,
646,1.0,6.466466466466467,-0.6368060317591221,,
647,1.0,6.476476476476477,-0.6727583934349975,,
648,1.0,6.486486486486487,-0.7081136288106996,,
649,1.0,6.496496496496497,-0.7298077454113382,,
650,1.0,6.506506506506507,-0.7568094448171313,,
651,1.0,6.516516516516517,-0.7799469088858362,,
652,1.0,6.526526526526527,-0.7832683427541763,,
653,1.0,6.536536536536537,-0.7749010589074359,,
654,1.0,6.546546546546547,-0.7626589345024902,,
655,1.0,6.556556556556557,-0.7439251926977418,,
656,1.0,6.566566566566567,-0.6980632382234028,,
657,1.0,6.576576576576577,-0.6741705435171472,,
658,1.0,6.586586586586587,-0.6219402686592461,,
659,1.0,6.596596596596597,-0.5587445194761947,,
660,1.0,6.606606606606607,-0.5017764345394266,,
661,1.0,6.616616616616617,-0.4311885786968555,,
662,1.0,6.626626626626627,-0.3526030819247827,,
663,1.0,6.636636636636637,-0.260504558836726,,
664,1.0,6.646646646646647,-0.1881271018096885,,
665,1.0,6.656656656656657,-0.0933105245787035,,
666,1.0,6.666666666666667,0.004394532355298,,
667,1.0,6.676676676676677,0.0894865755578004,,
668,1.0,6.686686686686687,0.1814923193063443,,
669,1.0,6.696696696696697,0.2644778835135204,,
670,1.0,6.706706706706707,0.3474916522644322,,
671,1.0,6.716716716716717,0.4250436027877877,,
672,1.0,6.726726726726727,0.5038232626416509,,
673,1.0,6.736736736736737,0.5679334467106093,,
674,1.0,6.746746746746747,0.6195022829770431,,
675,1.0,6.756756756756757,0.6706154210077482,,
676,1.0,6.766766766766767,0.7088138948213205,,
677,1.0,6.776776776776777,0.7445607433237709,,
678,1.0,6.786786786786787,0.7668671927436551,,
679,1.0,6.796796796796797,0.7732695790379158,,
680,1.0,6.806806806806807,0.7766189276512835,,
681,1.0,6.816816816816817,0.7740616371399326,,
682,1.0,6.826826826826827,0.7626329156876587,,
683,1.0,6.836836836836837,0.7389752888517483,,
684,1.0,6.846846846846847,0.7136892142083442,,
685,1.0,6.856856856856857,0.6645172456766655,,
686,1.0,6.866866866866867,0.6368681046967194,,
687,1.0,6.876876876876877,0.5851059282050215,,
688,1.0,6.886886886886887,0.5421908925473075,,
689,1.0,6.896896896896897,0.4971705706073863,,
690,1.0,6.906906906906907,0.4505796620688022,,
691,1.0,6.916916916916917,0.4044150174783172,,
692,1.0,6.926926926926927,0.3392065011215024,,
693,1.0,6.936936936936937,0.2926388850286189,,
694,1.0,6.946946946946947,0.2439486788091019,,
695,1.0,6.956956956956957,0.2094343146703598,,
696,1.0,6.966966966966967,0.1764507108949909,,
697,1.0,6.976976976976977,0.1409590089986158,,
698,1.0,6.986986986986987,0.0972002020752106,,
699,1.0,6.996996996996997,0.066312050911382,,
700,1.0,7.007007007007007,0.0520196587208572,,
701,1.0,7.017017017017017,0.0256972876561439,,
702,1.0,7.027027027027027,0.0277613643584409,,
703,1.0,7.037037037037037,0.0081192711958318,,
704,1.0,7.047047047047047,0.0151977043484036,,
705,1.0,7.057057057057057,0.0033444714826817,,
706,1.0,7.067067067067067,0.0002170286805027,,
707,1.0,7.077077077077077,-0.0012419472229218,,
708,1.0,7.087087087087087,-0.0077302580322767,,
709,1.0,7.097097097097097,-0.0005716254093154,,
710,1.0,7.107107107107107,0.00675165527474,,
711,1.0,7.117117117117117,-0.0093781348562395,,
712,1.0,7.127127127127127,-0.0111089202241426,,
713,1.0,7.137137137137137,-0.0140431380064936,,
714,1.0,7.147147147147147,-0.0263748946816584,,
715,1.0,7.157157157157157,-0.0517689389901706,,
716,1.0,7.167167167167167,-0.0716913084309158,,
717,1.0,7.177177177177177,-0.0879048007088943,,
718,1.0,7.187187187187187,-0.1246709093193721,,
719,1.0,7.197197197197197,-0.1653404977418477,,
720,1.0,7.207207207207207,-0.1878627386666158,,
721,1.0,7.217217217217217,-0.2336753905275091,,
722,1.0,7.227227227227227,-0.2760094782783507,,
723,1.0,7.237237237237237,-0.3350026818084413,,
724,1.0,7.247247247247247,-0.3711265956927786,,
725,1.0,7.257257257257257,-0.4338757947371227,,
726,1.0,7.267267267267267,-0.4853728043097715,,
727,1.0,7.277277277277277,-0.5276604456199958,,
728,1.0,7.287287287287287,-0.5799627693890302,,
729,1.0,7.297297297297297,-0.6311447034768757,,
730,1.0,7.307307307307307,-0.6638735821074448,,
731,1.0,7.317317317317317,-0.6986773549813023,,
732,1.0,7.327327327327327,-0.7353182902112921,,
733,1.0,7.337337337337337,-0.7558056679980837,,
734,1.0,7.347347347347347,-0.7676535188829045,,
735,1.0,7.357357357357357,-0.7771609236732465,,
736,1.0,7.367367367367367,-0.7821032005863344,,
737,1.0,7.377377377377377,-0.7716975899436482,,
738,1.0,7.387387387387387,-0.7429511383518774,,
739,1.0,7.397397397397397,-0.7109049503491484,,
740,1.0,7.407407407407407,-0.6819209760418796,,
741,1.0,7.4174174174174174,-0.6388443912110517,,
742,1.0,7.4274274274274275,-0.5741042471695361,,
743,1.0,7.437437437437437,-0.5188667781368139,,
744,1.0,7.447447447447447,-0.4379266182702201,,
745,1.0,7.4574574574574575,-0.366528869771422,,
746,1.0,7.4674674674674675,-0.29809260879595,,
747,1.0,7.477477477477477,-0.2013539245311188,,
748,1.0,7.487487487487487,-0.1142585532208169,,
749,1.0,7.4974974974974975,-0.0214498158732774,,
750,1.0,7.5075075075075075,0.0631540171491848,,
751,1.0,7.517517517517517,0.1647298670737208,,
752,1.0,7.527527527527527,0.2483988783887425,,
753,1.0,7.5375375375375375,0.3334029770241181,,
754,1.0,7.5475475475475475,0.4048177763151207,,
755,1.0,7.557557557557557,0.4982561850203594,,
756,1.0,7.567567567567567,0.5485754221783942,,
757,1.0,7.5775775775775776,0.6099038140872937,,
758,1.0,7.587587587587588,0.6624720481682687,,
759,1.0,7.597597597597598,0.695695152737038,,
760,1.0,7.607607607607608,0.7333014724829718,,
761,1.0,7.617617617617618,0.7597790869815584,,
762,1.0,7.627627627627628,0.7751296902854447,,
763,1.0,7.637637637637638,0.7794075431268228,,
764,1.0,7.647647647647648,0.7640858860191732,,
765,1.0,7.657657657657658,0.7654950746276548,,
766,1.0,7.667667667667668,0.7454597878858482,,
767,1.0,7.677677677677678,0.7136433569650523,,
768,1.0,7.687687687687688,0.678659037757002,,
769,1.0,7.697697697697698,0.6495163568022869,,
770,1.0,7.707707707707708,0.5891758392709887,,
771,1.0,7.717717717717718,0.5536709187258777,,
772,1.0,7.727727727727728,0.5118122794766757,,
773,1.0,7.737737737737738,0.4543130521621605,,
774,1.0,7.747747747747748,0.3983494629988002,,
775,1.0,7.757757757757758,0.3553423495278707,,
776,1.0,7.767767767767768,0.301315672308341,,
777,1.0,7.777777777777778,0.2700774359142475,,
778,1.0,7.787787787787788,0.2172973070492699,,
779,1.0,7.797797797797798,0.1730898616717587,,
780,1.0,7.807807807807808,0.1462155040777391,,
781,1.0,7.817817817817818,0.1014151927905088,,
782,1.0,7.827827827827828,0.0876133739420286,,
783,1.0,7.837837837837838,0.0560866810994279,,
784,1.0,7.847847847847848,0.0457945481194137,,
785,1.0,7.857857857857858,0.0249938632004021,,
786,1.0,7.867867867867868,0.0104976240127618,,
787,1.0,7.877877877877878,0.0050037781997358,,
788,1.0,7.887887887887888,0.0074591893124096,,
789,1.0,7.897897897897898,-0.0070531740084071,,
790,1.0,7.907907907907908,-0.0011594547423493,,
791,1.0,7.917917917917918,-0.002444032151137,,
792,1.0,7.927927927927928,-0.0017218856424086,,
793,1.0,7.937937937937938,-0.007059533907388,,
794,1.0,7.947947947947948,-0.0001072222924711,,
795,1.0,7.957957957957958,-0.0094858464099448,,
796,1.0,7.967967967967968,-0.0152234673004754,,
797,1.0,7.977977977977978,-0.0278667173322152,,
798,1.0,7.987987987987988,-0.0443159060293312,,
799,1.0,7.997997997997998,-0.06143883024958,,
800,1.0,8.008008008008009,-0.0889002925105636,,
801,1.0,8.018018018018019,-0.1198989683454874,,
802,1.0,8.028028028028029,-0.150596743495401,,
803,1.0,8.038038038038039,-0.1826058170920744,,
804,1.0,8.048048048048049,-0.2288816256516931,,
805,1.0,8.058058058058059,-0.2706864476191847,,
806,1.0,8.068068068068069,-0.3229157504036913,,
807,1.0,8.078078078078079,-0.3672403424972378,,
808,1.0,8.088088088088089,-0.4201134606736806,,
809,1.0,8.098098098098099,-0.4687862430085075,,
810,1.0,8.108108108108109,-0.5077548801079397,,
811,1.0,8.118118118118119,-0.5673858861735546,,
812,1.0,8.128128128128129,-0.6091353361927349,,
813,1.0,8.138138138138139,-0.6645941251380221,,
814,1.0,8.148148148148149,-0.6892054768622976,,
815,1.0,8.158158158158159,-0.7271607863949159,,
816,1.0,8.168168168168169,-0.7503199038296859,,
817,1.0,8.178178178178179,-0.7754948364031399,,
818,1.0,8.188188188188189,-0.7808016344834141,,
819,1.0,8.198198198198199,-0.7812696880795587,,
820,1.0,8.208208208208209,-0.7689912704535042,,
821,1.0,8.218218218218219,-0.7577329198086519,,
822,1.0,8.228228228228229,-0.7225827132729307,,
823,1.0,8.238238238238239,-0.6932430471954079,,
824,1.0,8.248248248248249,-0.640981655596479,,
825,1.0,8.258258258258259,-0.5934379644889305,,
826,1.0,8.268268268268269,-0.5270685468685657,,
827,1.0,8.278278278278279,-0.4654887774442974,,
828,1.0,8.288288288288289,-0.3899527858900325,,
829,1.0,8.298298298298299,-0.3030970353857872,,
830,1.0,8.308308308308309,-0.2215919913152637,,
831,1.0,8.318318318318319,-0.1382186534854597,,
832,1.0,8.328328328328329,-0.0453658458287568,,
833,1.0,8.338338338338339,0.0502959621083528,,
834,1.0,8.348348348348349,0.1365320866019664,,
835,1.0,8.358358358358359,0.2139265008970433,,
836,1.0,8.368368368368369,0.3051005264906882,,
837,1.0,8.378378378378379,0.3779928037099289,,
838,1.0,8.388388388388389,0.4668345100086931,,
839,1.0,8.398398398398399,0.5267675921591911,,
840,1.0,8.408408408408409,0.5923596967252338,,
841,1.0,8.418418418418419,0.6411220965446899,,
842,1.0,8.428428428428429,0.6810803497363982,,
843,1.0,8.438438438438439,0.7247731544755209,,
844,1.0,8.448448448448449,0.7551294762069355,,
845,1.0,8.458458458458459,0.7715888802962374,,
846,1.0,8.468468468468469,0.7709295343671215,,
847,1.0,8.478478478478479,0.7803424061335332,,
848,1.0,8.488488488488489,0.7704561528465819,,
849,1.0,8.498498498498499,0.7481066517579049,,
850,1.0,8.508508508508509,0.7171534528075423,,
851,1.0,8.518518518518519,0.6990388450691831,,
852,1.0,8.528528528528529,0.656949358888015,,
853,1.0,8.538538538538539,0.6067298344652109,,
854,1.0,8.548548548548549,0.5637258375635841,,
855,1.0,8.558558558558559,0.5284545494222966,,
856,1.0,8.568568568568569,0.4698711143527449,,
857,1.0,8.578578578578579,0.4206933870525532,,
858,1.0,8.588588588588589,0.3665227745822125,,
859,1.0,8.598598598598599,0.3276722848918917,,
860,1.0,8.608608608608609,0.2753779373210788,,
861,1.0,8.618618618618619,0.2296713630769484,,
862,1.0,8.62862862862863,0.1872808443039069,,
863,1.0,8.63863863863864,0.153951880101279,,
864,1.0,8.64864864864865,0.1048873806357656,,
865,1.0,8.65865865865866,0.0896436220375628,,
866,1.0,8.66866866866867,0.0577653980411425,,
867,1.0,8.67867867867868,0.0432804499387035,,
868,1.0,8.68868868868869,0.022159773399568,,
869,1.0,8.6986986986987,0.02585753217489,,
870,1.0,8.70870870870871,0.0066394942211718,,
871,1.0,8.71871871871872,0.0099824085137956,,
872,1.0,8.72872872872873,-0.0051524094177955,,
873,1.0,8.73873873873874,0.00790606467381,,
874,1.0,8.74874874874875,0.0005897294593808,,
875,1.0,8.75875875875876,0.0048403799086268,,
876,1.0,8.76876876876877,0.0048079668845029,,
877,1.0,8.77877877877878,-0.0060365827907894,,
878,1.0,8.78878878878879,-0.0061969631006653,,
879,1.0,8.7987987987988,-0.0115877489160245,,
880,1.0,8.80880880880881,-0.0261648571711941,,
881,1.0,8.81881881881882,-0.031476011668835,,
882,1.0,8.82882882882883,-0.0501867610537955,,
883,1.0,8.83883883883884,-0.0796714310522111,,
884,1.0,8.84884884884885,-0.1058326457659054,,
885,1.0,8.85885885885886,-0.1376362794999009,,
886,1.0,8.86886886886887,-0.17642480101517,,
887,1.0,8.87887887887888,-0.2201896745452722,,
888,1.0,8.88888888888889,-0.2542836290604685,,
889,1.0,8.8988988988989,-0.3047919785014916,,
890,1.0,8.90890890890891,-0.3481732386881572,,
891,1.0,8.91891891891892,-0.4157411796567397,,
892,1.0,8.92892892892893,-0.4531215622227794,,
893,1.0,8.93893893893894,-0.5058486445697166,,
894,1.0,8.94894894894895,-0.5580817499907919,,
895,1.0,8.95895895895896,-0.6017122016621277,,
896,1.0,8.96896896896897,-0.645580320022421,,
897,1.0,8.97897897897898,-0.689737397522854,,
898,1.0,8.98898898898899,-0.7253767764550307,,
899,1.0,8.998998998999,-0.7447106090885971,,
900,1.0,9.00900900900901,-0.7635356600915273,,
901,1.0,9.01901901901902,-0.7753173297208751,,
902,1.0,9.02902902902903,-0.7785932150855873,,
903,1.0,9.03903903903904,-0.7662133345220741,,
904,1.0,9.04904904904905,-0.7562226439944076,,
905,1.0,9.05905905905906,-0.729417984568905,,
906,1.0,9.06906906906907,-0.7047597049442387,,
907,1.0,9.07907907907908,-0.6587012825311316,,
908,1.0,9.08908908908909,-0.606236848639366,,
909,1.0,9.0990990990991,-0.5498924206491816,,
910,1.0,9.10910910910911,-0.4827653258204694,,
911,1.0,9.11911911911912,-0.4029351393293781,,
912,1.0,9.12912912912913,-0.3275196078851694,,
913,1.0,9.13913913913914,-0.2499194093754554,,
914,1.0,9.14914914914915,-0.1705806339823876,,
915,1.0,9.15915915915916,-0.0794498298028267,,
916,1.0,9.16916916916917,0.0193361583909492,,
917,1.0,9.17917917917918,0.1120109978284081,,
918,1.0,9.18918918918919,0.2106283151377099,,
919,1.0,9.1991991991992,0.2880600852771201,,
920,1.0,9.20920920920921,0.3657604875688704,,
921,1.0,9.21921921921922,0.4442154093547025,,
922,1.0,9.22922922922923,0.521018215362372,,
923,1.0,9.23923923923924,0.5731510291484019,,
924,1.0,9.24924924924925,0.6237163728012602,,
925,1.0,9.25925925925926,0.6778180685834719,,
926,1.0,9.26926926926927,0.7198489802468072,,
927,1.0,9.27927927927928,0.7526563437862422,,
928,1.0,9.28928928928929,0.7641141510012481,,
929,1.0,9.2992992992993,0.7753542877403056,,
930,1.0,9.30930930930931,0.7807218177199067,,
931,1.0,9.31931931931932,0.7765778725005124,,
932,1.0,9.32932932932933,0.7505101805310377,,
933,1.0,9.33933933933934,0.7273042843293439,,
934,1.0,9.34934934934935,0.6957098274674386,,
935,1.0,9.35935935935936,0.6615377720573543,,
936,1.0,9.36936936936937,0.6224613745116133,,
937,1.0,9.37937937937938,0.5853850621363983,,
938,1.0,9.38938938938939,0.5299722367572383,,
939,1.0,9.3993993993994,0.490578473719822,,
940,1.0,9.40940940940941,0.4297027039358022,,
941,1.0,9.41941941941942,0.3802020941519147,,
942,1.0,9.42942942942943,0.3333408727479878,,
943,1.0,9.43943943943944,0.2809742382222077,,
944,1.0,9.44944944944945,0.2313681791743945,,
945,1.0,9.45945945945946,0.1873024445753632,,
946,1.0,9.46946946946947,0.1490736364691667,,
947,1.0,9.47947947947948,0.1161451079657932,,
948,1.0,9.48948948948949,0.0801688362018655,,
949,1.0,9.4994994994995,0.068685670584197,,
950,1.0,9.50950950950951,0.046916831722699,,
951,1.0,9.51951951951952,0.0376599916907463,,
952,1.0,9.52952952952953,0.0155370471023746,,
953,1.0,9.53953953953954,0.0064714855406795,,
954,1.0,9.54954954954955,-0.0027756268477926,,
955,1.0,9.55955955955956,0.0007933807747775,,
956,1.0,9.56956956956957,0.0021936047427507,,
957,1.0,9.57957957957958,0.0006762490856958,,
958,1.0,9.58958958958959,-0.0031091144660081,,
959,1.0,9.5995995995996,1.0648655013434695e-05,,
960,1.0,9.60960960960961,-0.0044052647797934,,
961,1.0,9.61961961961962,0.0024148983050839,,
962,1.0,9.62962962962963,-0.0105262275893345,,
963,1.0,9.63963963963964,-0.0207544559172261,,
964,1.0,9.64964964964965,-0.0418313431661068,,
965,1.0,9.65965965965966,-0.055659277366129,,
966,1.0,9.66966966966967,-0.0799086606224005,,
967,1.0,9.67967967967968,-0.1045133927786838,,
968,1.0,9.68968968968969,-0.1365629961727749,,
969,1.0,9.6996996996997,-0.1659734588621833,,
970,1.0,9.70970970970971,-0.2011058860520132,,
971,1.0,9.71971971971972,-0.2533733281964637,,
972,1.0,9.72972972972973,-0.3011395726780345,,
973,1.0,9.73973973973974,-0.3488893984889746,,
974,1.0,9.74974974974975,-0.3898862080717938,,
975,1.0,9.75975975975976,-0.4409498403699585,,
976,1.0,9.76976976976977,-0.497418430771459,,
977,1.0,9.77977977977978,-0.5451376929005836,,
978,1.0,9.78978978978979,-0.5911491904595061,,
979,1.0,9.7997997997998,-0.6350979737560773,,
980,1.0,9.80980980980981,-0.6770211543726453,,
981,1.0,9.81981981981982,-0.709672505951795,,
982,1.0,9.82982982982983,-0.7370834183109243,,
983,1.0,9.83983983983984,-0.7658418847135846,,
984,1.0,9.84984984984985,-0.7770393537175525,,
985,1.0,9.85985985985986,-0.7858918077552541,,
986,1.0,9.86986986986987,-0.7724077455362086,,
987,1.0,9.87987987987988,-0.765493731831387,,
988,1.0,9.88988988988989,-0.7405724030521422,,
989,1.0,9.8998998998999,-0.7182062757955208,,
990,1.0,9.90990990990991,-0.683470810420922,,
991,1.0,9.91991991991992,-0.6196553630999685,,
992,1.0,9.92992992992993,-0.5619977798350326,,
993,1.0,9.93993993993994,-0.495570164042345,,
994,1.0,9.94994994994995,-0.4207170987836697,,
995,1.0,9.95995995995996,-0.3507713444505258,,
996,1.0,9.96996996996997,-0.2706575254986725,,
997,1.0,9.97997997997998,-0.1771017282965294,,
998,1.0,9.98998998998999,-0.0920536201055625,,
999,1.0,10.0,0.010782547740756,,
0,,,,71.0,37.98588026
1,,,,87.0,63.99203399
2,,,,65.0,87.45502852
3,,,,76.0,59.90844847
4,,,,93.0,60.70464529
5,,,,75.0,31.85818104
6,,,,98.0,27.55325512
7,,,,68.0,88.21327519
8,,,,86.0,46.05414594
9,,,,61.0,90.14936228
10,,,,79.0,40.73856427
11,,,,91.0,63.75629742
12,,,,86.0,76.43595811
13,,,,65.0,88.12241627
14,,,,90.0,59.40902284
15,,,,80.0,90.7207735
16,,,,86.0,20.09507654
17,,,,92.0,37.07977298
18,,,,66.0,97.32098137
19,,,,67.0,99.56933584
